NDB_No,Nutr_No,Isfl_Val,SD,n,Min,Max,CC,DataSrc_ID
1056,710,0,,1,0,0,D,31
1056,711,0,,1,0,0,D,31
1056,713,0,,1,0,0,D,31
1077,710,0,,1,0,0,C,31
1077,711,0,0,149,0,0,B,"31,43"
1077,713,0,,1,0,0,C,31
1079,710,0,,1,0,0,C,89
1079,711,0,,1,0,0,C,89
1079,712,0,,1,0,0,C,89
1079,713,0,,1,0,0,C,89
1079,715,0.0001,,1,0.0001,0.0001,,89
1079,716,0,,1,0,0,,89
1116,710,0,,1,0,0,D,31
1116,711,0,,1,0,0,D,31
1116,713,0,,1,0,0,D,31
1123,710,0.02,,2,0,0.03,C,"31, 76a"
1123,711,0.02,,1,0.01,0.02,C,"31, 76a"
1123,713,0.05,,1,0.05,0.05,D,31
1123,714,0.05,,1,0.05,0.05,,31
1123,715,0.05,,1,0.05,0.05,,31
1123,716,0,,1,0,0,,31
2019,710,0.01,0,3,0.01,0.01,C,57
2019,711,0.01,0,3,0.01,0.01,C,57
2019,713,0.02,0,3,0.02,0.02,C,57
2019,714,0.01,,1,0.01,0.01,,57
2019,715,0.01,,1,0.01,0.01,,57
2019,716,0,,1,0,0,,57
2046,710,0,,1,0,0,D,31
2046,711,0,,1,0,0,D,31
2046,713,0,,1,0,0,D,31
3841,710,0.73,0.408509485813977,11,0.39,1.91,A,"37,86"
3841,711,1.36727272727273,0.37005650674163,11,0.86,2.26,A,"37,86"
3841,712,0.117,0.015670212364724,10,0.09,0.14,A,"37,"
3841,713,2.20545454545454,0.73611634455925,11,1.34,4.17,A,"37,86"
3843,710,6.033,0,6,6.033,6.033,B,"69,70"
3843,711,12.233,0.505964425626941,6,11.433,13.033,B,"69,70"
3843,712,2.7335,0.021187260323128,6,2.7,2.767,B,"69,70"
3843,713,25.8179090909091,2.85054647595338,11,20.166,31.6,A,"69,70,85"
3890,710,0.75,0,4,0.75,0.75,B,69
3890,711,1.6,0,4,1.6,1.6,B,69
3890,712,0.275,0,4,0.275,0.275,B,69
3890,713,2.625,0,4,2.625,2.625,B,69
3891,710,0.9764,0.164413138161158,5,0.794,1.25,B,"70,75"
3891,711,2.6922,0.455381126091102,5,2.187,3.45,B,"70,75"
3891,712,0.35,0,2,0.35,0.35,B,70
3891,713,3.8086,0.745988558893499,5,2.981,5.05,B,"70,75"
3893,710,5.7,0,2,5.7,5.7,B,70
3893,711,13.55,0,2,13.55,13.55,B,70
3893,712,2.05,0,2,2.05,2.05,B,70
3893,713,28.0142857142857,2.95225038113727,7,21.3,30.7,B,"70,85"
3931,710,7.225,0.061237243569579,4,7.15,7.3,B,"69,70"
3931,711,14.75,0.204124145231931,4,14.5,15,B,"69,70"
3931,712,3,0.040824829046386,4,2.95,3.05,B,"69,70"
3931,713,25,0.081649658092774,4,24.9,25.1,B,"69,70"
4044,710,0,0,3,0,0,B,66
4044,711,0,0,3,0,0,B,66
4044,712,0,0,3,0,0,B,66
4044,713,0,0,3,0,0,B,66
5323,710,0.25,0.070710678118655,2,0.2,0.3,C,91
5323,711,0.3,0,2,0.3,0.3,C,91
5323,712,0,0,2,0,0,C,91
5323,713,0.55,0.070710678118655,2,0.5,0.6,C,91
5327,710,0.2,0.14142135623731,2,0.1,0.3,C,91
5327,711,0.25,0.070710678118655,2,0.2,0.3,C,91
5327,712,0,0,2,0,0,C,91
5327,713,0.55,0.212132034355964,2,0.4,0.7,C,91
6016,710,0,,1,0,0,C,91
6016,711,0.1,,1,0.1,0.1,C,91
6016,712,0,,1,0,0,C,91
6016,713,0.1,,1,0.1,0.1,C,91
6019,710,0,,1,0,0,C,91
6019,711,0,,1,0,0,C,91
6019,712,0,,1,0,0,C,91
6019,713,0,,1,0,0,C,91
6043,710,0,,1,0,0,C,91
6043,711,0,,1,0,0,C,91
6043,712,0,,1,0,0,C,91
6043,713,0,,1,0,0,C,91
6065,710,0,,1,0,0,C,91
6065,711,0,,1,0,0,C,91
6065,712,0,,1,0,0,C,91
6065,713,0,,1,0,0,C,91
6071,710,0,0,2,0,0,C,91
6071,711,0,0,2,0,0,C,91
6071,712,0,0,2,0,0,C,91
6071,713,0,0,2,0,0,C,91
6075,710,0,0,2,0,0,C,91
6075,711,0,0,2,0,0,C,91
6075,712,0,0,2,0,0,C,91
6075,713,0.1,0,2,0.1,0.1,C,91
6118,710,0,0,2,0,0,C,91
6118,711,0,0,2,0,0,C,91
6118,712,0,0,2,0,0,C,91
6118,713,0,0,2,0,0,C,91
6119,710,0,,1,0,0,C,91
6119,711,0,,1,0,0,C,91
6119,712,0,,1,0,0,C,91
6119,713,0,,1,0,0,C,91
6121,710,0,,1,0,0,C,91
6121,711,0,,1,0,0,C,91
6121,712,0,,1,0,0,C,91
6121,713,0,,1,0,0,C,91
6122,710,0,0,3,0,0,C,91
6122,711,0,0,3,0,0,C,91
6122,712,0,0,3,0,0,C,91
6122,713,0,0,3,0,0,C,91
6125,710,0.15,0.212132034355964,2,0,0.3,C,91
6125,711,0.15,0.212132034355964,2,0,0.3,C,91
6125,712,0.05,0.070710678118655,2,0,0.1,C,91
6125,713,0.35,0.494974746830583,2,0,0.7,C,91
6175,710,6.1,5.51543289325507,2,2.2,10,C,91
6175,711,3.25,2.1920310216783,2,1.7,4.8,C,91
6175,712,0.55,0.494974746830583,2,0.2,0.9,C,91
6175,713,9.9,8.20243866176395,2,4.1,15.7,C,91
6183,710,0,,1,0,0,C,91
6183,711,0,,1,0,0,C,91
6183,712,0,,1,0,0,C,91
6183,713,0,,1,0,0,C,91
6194,710,0,0,2,0,0,C,91
6194,711,0,0,2,0,0,C,91
6194,712,0,0,2,0,0,C,91
6194,713,0,0,2,0,0,C,91
6419,710,0,,1,0,0,D,89
6419,711,0,,1,0,0,D,89
6419,712,0,,1,0,0,D,89
6419,713,0,,1,0,0,D,89
6419,715,0.0001,,1,0.0001,0.0001,,89
6419,716,0,,1,0,0,,89
6468,710,0,,1,0,0,D,89
6468,711,0,,1,0,0,D,89
6468,712,0,,1,0,0,D,89
6468,713,0,,1,0,0,D,89
6468,715,0,,1,0,0,,89
6468,716,0,,1,0,0,,89
6971,710,0.1,,1,0.1,0.1,C,91
6971,711,0,,1,0,0,C,91
6971,712,0,,1,0,0,C,91
6971,713,0.2,,1,0.2,0.2,C,91
6982,710,0.733333333333333,0.52704627669473,3,0.4,1.4,C,91
6982,711,0.433333333333333,0.52704627669473,3,0.1,1.1,C,91
6982,712,0.066666666666667,0.105409255338946,3,0,0.2,C,91
6982,713,1.23333333333333,1.15950180872841,3,0.5,2.7,C,91
6983,710,0,,1,0,0,C,91
6983,711,0.3,,1,0.3,0.3,C,91
6983,712,0,,1,0,0,C,91
6983,713,0.4,,1,0.4,0.4,C,91
7022,710,1,,1,1,1,C,91
7022,711,0.8,,1,0.8,0.8,C,91
7022,712,0.1,,1,0.1,0.1,C,91
7022,713,1.9,,1,1.9,1.9,C,91
7023,710,0.05,0.070710678118655,2,0,0.1,C,"89,91"
7023,711,0.05,0.070710678118655,2,0,0.1,C,"89,91"
7023,712,0,0,2,0,0,C,"89,91"
7023,713,0.15,0.212132034355964,2,0,0.3,C,"89,91"
7023,715,0.0006,,1,0.0006,0.0006,,89
7023,716,0.0001,,1,0.0001,0.0001,,89
7029,710,0,,1,0,0,D,89
7029,711,0,,1,0,0,D,89
7029,712,0,,1,0,0,D,89
7029,713,0,,1,0,0,D,89
7029,715,0.0003,,1,0.0003,0.0003,,89
7029,716,0.0001,,1,0.0001,0.0001,,89
7075,710,0.25,0.070710678118655,2,0.2,0.3,C,91
7075,711,0.4,0.14142135623731,2,0.3,0.5,C,91
7075,712,0,0,2,0,0,C,91
7075,713,0.7,0.14142135623731,2,0.6,0.8,C,91
7083,710,0,,1,0,0,C,91
7083,711,0,,1,0,0,C,91
7083,712,0,,1,0,0,C,91
7083,713,0,,1,0,0,C,91
7905,710,0,,1,0,0,C,91
7905,711,0,,1,0,0,C,91
7905,712,0,,1,0,0,C,91
7905,713,0.1,,1,0.1,0.1,C,91
7956,710,0,,1,0,0,D,89
7956,711,0,,1,0,0,D,89
7956,712,0,,1,0,0,D,89
7956,713,0,,1,0,0,D,89
7956,715,0.0002,,1,0.0002,0.0002,,89
7956,716,0.0004,,1,0.0004,0.0004,,89
8001,710,0,,1,0,0,B,49
8001,711,0,,1,0,0,B,49
8001,713,0,,1,0,0,B,49
8013,710,0,,1,0,0,D,89
8013,711,0,,1,0,0,D,89
8013,712,0,,1,0,0,D,89
8013,713,0,,1,0,0,D,89
8013,715,0.0029,,1,0.0029,0.0029,,89
8013,716,0.0002,,1,0.0002,0.0002,,89
8020,710,0,,1,0,0,B,49
8020,711,0,,1,0,0,B,49
8020,713,0,,1,0,0,B,49
8060,715,0.0005,,1,0.0005,0.0005,,89
8060,716,0.0002,,1,0.0002,0.0002,,89
8065,710,0,,1,0,0,B,49
8065,711,0,,1,0,0,B,49
8065,713,0,,1,0,0,B,49
8067,710,0,,1,0,0,B,49
8067,711,0,,1,0,0,B,49
8067,713,0,,1,0,0,B,49
8090,710,0,,1,0,0,D,31
8090,711,0,,1,0,0,D,31
8090,713,0,,1,0,0,D,31
8102,710,0,,1,0,0,D,31
8102,711,0,,1,0,0,D,31
8102,713,0,,1,0,0,D,31
8234,715,0.0004,,1,0.0004,0.0004,,89
8234,716,0,,1,0,0,,89
8385,710,41.9,,1,41.9,41.9,C,91
8385,711,41.9,,1,41.9,41.9,C,91
8385,712,10.2,,1,10.2,10.2,C,91
8385,713,93.9,,1,93.9,93.9,C,91
8390,710,0,,1,0,0,C,91
8390,711,0,,1,0,0,C,91
8390,712,0,,1,0,0,C,91
8390,713,0,,1,0,0,C,91
8393,710,8.4,,1,8.4,8.4,C,91
8393,711,7.7,,1,7.7,7.7,C,91
8393,712,1.4,,1,1.4,1.4,C,91
8393,713,17.4,,1,17.4,17.4,C,91
9003,710,0,0,5,0,0,B,"31,51,89"
9003,711,0,0,5,0,0,B,"31,51,89"
9003,712,0,,1,0,0,C,89
9003,713,0,0,5,0,0,B,"31,51,89"
9003,715,0.0002,,1,0.0002,0.0002,,89
9003,716,0,,1,0,0,,89
9004,710,0,0,3,0,0,B,51
9004,711,0,0,3,0,0,B,51
9004,713,0,0,3,0,0,B,51
9005,710,0,,1,0,0,B,51
9005,711,0,,1,0,0,B,51
9005,713,0,,1,0,0,B,51
9016,710,0,,1,0,0,D,31
9016,711,0,,1,0,0,D,31
9016,713,0,,1,0,0,D,31
9021,710,0,0,2,0,0,C,"31,51"
9021,711,0,0,2,0,0,C,"31,51"
9021,713,0,0,2,0,0,C,"31,51"
9024,710,0,,1,0,0,B,51
9024,711,0,,1,0,0,B,51
9024,713,0,,1,0,0,B,51
9032,710,0.003333333333333,0.005773502691896,3,0,0.01,C,"31,51,89"
9032,711,0.013333333333333,0.011547005383793,3,0,0.02,C,"31,51,89"
9032,712,0,,1,0,0,C,89
9032,713,0.016666666666667,0.01527525231652,3,0,0.03,C,"31,51,89"
9032,714,0.05,,1,0.05,0.05,,31
9032,715,0.00625,0.008838834764832,2,0,0.0125,,"31, 89"
9032,716,0.0021,0.002969848480984,2,0,0.0042,,"31, 89"
9037,710,0,0,2,0,0,C,"31,51"
9037,711,0,0,2,0,0,C,"31,51"
9037,713,0,0,2,0,0,C,"31,51"
9040,710,0,0,3,0,0,C,"31,51,89"
9040,711,0,0,3,0,0,C,"31,51,89"
9040,712,0,,1,0,0,C,89
9040,713,0,0,3,0,0,C,"31,51,89"
9040,715,0.0003,,1,0.0003,0.0003,,89
9040,716,0,,1,0,0,,89
9042,710,0,,1,0,0,C,56
9042,711,0,,1,0,0,C,56
9042,713,0,,1,0,0,C,56
9050,710,0,0,2,0,0,C,"56,89"
9050,711,0,0,2,0,0,C,"56,89"
9050,712,0,,1,0,0,C,89
9050,713,0,0,2,0,0,C,"56,89"
9050,715,0.0009,,1,0.0009,0.0009,,89
9050,716,0.0002,,1,0.0002,0.0002,,89
9070,710,0,,1,0,0,B,51
9070,711,0,,1,0,0,B,51
9070,713,0,,1,0,0,B,51
9078,710,0,0,2,0,0,C,"51,56"
9078,711,0,0,2,0,0,C,"51,56"
9078,713,0,0,2,0,0,C,"51,56"
9083,710,0.016666666666667,0.028867513459481,3,0,0.05,B,"51,56,89"
9083,711,0.06,0.103923048454133,3,0,0.18,B,"51,56,89"
9083,712,0,,1,0,0,C,89
9083,713,0.073333333333333,0.127017059221718,3,0,0.22,B,"51,56,89"
9083,715,0.0004,,1,0.0004,0.0004,,89
9083,716,0,,1,0,0,,89
9087,710,0,0,2,0,0,C,"51,89"
9087,711,0.005,0.007071067811865,2,0,0.01,C,"51,89"
9087,712,0,,1,0,0,C,89
9087,713,0.005,0.007071067811865,2,0,0.01,C,"51,89"
9087,715,0.0004,,1,0.0004,0.0004,,89
9087,716,0.0008,,1,0.0008,0.0008,,89
9089,710,0,,1,0,0,B,51
9089,711,0,,1,0,0,B,51
9089,713,0,,1,0,0,B,51
9094,710,0,,1,0,0,B,51
9094,711,0,,1,0,0,B,51
9094,713,0.01,,1,0.01,0.01,B,51
9099,710,0,,1,0,0,B,51
9099,711,0,,1,0,0,B,51
9099,713,0,,1,0,0,B,51
9107,710,0,,1,0,0,B,51
9107,711,0,,1,0,0,B,51
9107,713,0,,1,0,0,B,51
9112,710,0,,1,0,0,D,89
9112,711,0,,1,0,0,D,89
9112,712,0,,1,0,0,D,89
9112,713,0,,1,0,0,D,89
9112,715,0.0002,,1,0.0002,0.0002,,89
9112,716,0.0002,,1,0.0002,0.0002,,89
9116,710,0.04,,1,0.04,0.04,D,31
9116,711,0.03,,1,0.03,0.03,D,31
9116,713,0.06,,1,0.06,0.06,D,31
9116,714,0.05,,1,0.05,0.05,,31
9116,715,0.05,,1,0.05,0.05,,31
9116,716,0.05,,1,0.05,0.05,,31
9120,710,0,,1,0,0,B,51
9120,711,0,,1,0,0,B,51
9120,713,0,,1,0,0,B,51
9123,710,0,,1,0,0,D,31
9123,711,0,,1,0,0,D,31
9123,713,0,,1,0,0,D,31
9148,710,0,,1,0,0,B,51
9148,711,0,,1,0,0,B,51
9148,713,0,,1,0,0,B,51
9152,710,0,,1,0,0,B,51
9152,711,0,,1,0,0,B,51
9152,713,0,,1,0,0,B,51
9176,710,0,0,2,0,0,C,"31,51"
9176,711,0,0,2,0,0,C,"31,51"
9176,713,0.005,0.007071067811865,2,0,0.01,C,"31,51"
9181,710,0,0,3,0,0,C,"31,51,89"
9181,711,0,0,3,0,0,C,"31,51,89"
9181,712,0,,1,0,0,C,89
9181,713,0,0,3,0,0,C,"31,51,89"
9181,715,0.0002,,1,0.0002,0.0002,,89
9181,716,0,,1,0,0,,89
9184,710,0,,1,0,0,B,51
9184,711,0,,1,0,0,B,51
9184,713,0,,1,0,0,B,51
9191,710,0,,1,0,0,B,51
9191,711,0,,1,0,0,B,51
9191,713,0,,1,0,0,B,51
9194,710,0,0,2,0,0,C,"51,89"
9194,711,0,0,2,0,0,C,"51,89"
9194,712,0,,1,0,0,C,89
9194,713,0.005,0.007071067811865,2,0,0.01,C,"51,89"
9194,715,0.0012,,1,0.0012,0.0012,,89
9194,716,0.0002,,1,0.0002,0.0002,,89
9200,710,0,0,2,0,0,C,"31,51"
9200,711,0,0,2,0,0,C,"31,51"
9200,713,0,0,2,0,0,C,"31,51"
9202,710,0,,1,0,0,D,89
9202,711,0,,1,0,0,D,89
9202,712,0,,1,0,0,D,89
9202,713,0,,1,0,0,D,89
9202,715,0.0011,,1,0.0011,0.0011,,89
9202,716,0.0002,,1,0.0002,0.0002,,89
9209,710,0.006666666666667,0.011547005383793,3,0,0.02,C,"31,51,89"
9209,711,0.006666666666667,0.011547005383793,3,0,0.02,C,"31,51,89"
9209,712,0,,1,0,0,C,89
9209,713,0.013333333333333,0.023094010767585,3,0,0.04,C,"31,51,89"
9209,714,0.05,,1,0.05,0.05,,31
9209,715,0.02505,0.035284628381209,2,0.0001,0.05,,"31,89"
9209,716,0.02645,0.037405948724768,2,0,0.0529,,"31,89"
9218,710,0,,1,0,0,B,51
9218,711,0,,1,0,0,B,51
9218,713,0,,1,0,0,B,51
9219,710,0,,1,0,0,B,51
9219,711,0,,1,0,0,B,51
9219,713,0,,1,0,0,B,51
9226,710,0,,1,0,0,D,31
9226,711,0,,1,0,0,D,31
9226,713,0,,1,0,0,D,31
9231,710,0.01,,1,0.01,0.01,B,51
9231,711,0.01,,1,0.01,0.01,B,51
9231,713,0.02,,1,0.02,0.02,B,51
9236,710,0,0,3,0,0,C,"31,51,89"
9236,711,0,0,3,0,0,C,"31,51,89"
9236,712,0,,1,0,0,C,89
9236,713,0,0,3,0,0,C,"31,51,89"
9236,714,0,,1,0,0,,31
9236,715,0.00025,0.000353553390593,2,0,0.0005,,"31,89"
9236,716,5E-05,7.07106781186547E-05,2,0,0.0001,,"31,89"
9240,710,0,,1,0,0,B,51
9240,711,0,,1,0,0,B,51
9240,713,0,,1,0,0,B,51
9252,710,0,0,2,0,0,C,"31,51"
9252,711,0,0,2,0,0,C,"31,51"
9252,713,0,0,2,0,0,C,"31,51"
9256,710,0,,1,0,0,B,51
9256,711,0,,1,0,0,B,51
9256,713,0,,1,0,0,B,51
9266,710,0,0,2,0,0,C,"31,51"
9266,711,0,0,2,0,0,C,"31,51"
9266,713,0,0,2,0,0,C,"31,51"
9268,710,0,,1,0,0,B,51
9268,711,0,,1,0,0,B,51
9268,713,0,,1,0,0,B,51
9277,710,0,,1,0,0,B,50
9277,711,0,,1,0,0,B,50
9277,713,0,,1,0,0,B,50
9278,710,0,,1,0,0,B,50
9278,711,0,,1,0,0,B,50
9278,713,0,,1,0,0,B,50
9279,710,0,0,3,0,0,B,"31,51"
9279,711,0.003333333333333,0.005773502691896,3,0,0.01,B,"31,51"
9279,713,0.003333333333333,0.005773502691896,3,0,0.01,B,"31,51"
9286,710,0,,1,0,0,B,51
9286,711,0,,1,0,0,B,51
9286,713,0,,1,0,0,B,51
9291,710,0,0,3,0,0,C,"31,51,89"
9291,711,0.003333333333333,0.005773502691896,3,0,0.01,C,"31,51,89"
9291,712,0,,1,0,0,C,89
9291,713,0.003333333333333,0.005773502691896,3,0,0.01,C,"31,51,89"
9291,714,0,,1,0,0,,31
9291,715,0.00025,0.000353553390593,2,0,0.0005,,"31,89"
9291,716,0.0009,0.001272792206136,2,0,0.0018,,"31,89"
9292,710,0,,1,0,0,B,51
9292,711,0.01,,1,0.01,0.01,B,51
9292,713,0.02,,1,0.02,0.02,B,51
9298,710,0.026666666666667,0.030550504633039,3,0,0.06,C,"31,51,89"
9298,711,0.05,0.060827625302982,3,0.01,0.12,C,"31,51,89"
9298,712,0,,1,0,0,C,89
9298,713,0.076666666666667,0.090737717258775,3,0.01,0.18,C,"31,51,89"
9298,714,0,,1,0,0,,31
9298,715,0.0002,0.000282842712475,2,0,0.0004,,"31,89"
9298,716,0.0001,0.000141421356237,2,0,0.0002,,"31,89"
9302,710,0,0,3,0,0,B,"51,56,89"
9302,711,0,0,3,0,0,B,"51,56,89"
9302,712,0,,1,0,0,C,89
9302,713,0.003333333333333,0.005773502691896,3,0,0.01,B,"51,56,89"
9302,715,0.0011,,1,0.0011,0.0011,,89
9302,716,0.0005,,1,0.0005,0.0005,,89
9304,710,0,,1,0,0,B,51
9304,711,0,,1,0,0,B,51
9304,713,0,,1,0,0,B,51
9307,710,0,,1,0,0,B,51
9307,711,0,,1,0,0,B,51
9307,713,0,,1,0,0,B,51
9316,710,0,0,4,0,0,B,"31,51,56,89"
9316,711,0,0,4,0,0,B,"31,51,56,89"
9316,712,0,,1,0,0,C,89
9316,713,0.0025,0.005,4,0,0.01,B,"31,51,56,89"
9316,715,0,,1,0,0,,89
9316,716,0.0003,,1,0.0003,0.0003,,89
9326,710,0,0,3,0,0,C,"31,51,89"
9326,711,0,0,3,0,0,C,"31,51,89"
9326,712,0,,1,0,0,C,89
9326,713,0,0,3,0,0,C,"31,51,89"
9326,715,0,,1,0,0,,89
9326,716,0,,1,0,0,,89
9433,710,0,,1,0,0,B,51
9433,711,0,,1,0,0,B,51
9433,713,0,,1,0,0,B,51
11001,710,0.01875,0.051103885790194,8,0,0.15,B,"24,31,66,89"
11001,711,0.01625,0.040233692348578,8,0,0.12,B,"24,31,66,89"
11001,712,0,0,6,0,0,B,"66,89"
11001,713,0.035,0.091261007163911,8,0,0.27,B,"24,31,66,89"
11001,714,0.03345,0.04730544366138,2,0,0.0669,,"24,31"
11001,715,1.4339,2.14257348998815,3,0.0185,3.8989,,"24,31,89"
11001,716,1.59593333333333,2.67137462055275,3,0.0025,4.68,,"24,31,89"
11011,710,0.03,0.042426406871193,2,0,0.06,C,"31,50"
11011,711,0,0,2,0,0,C,"31,50"
11011,713,0.03,0.042426406871193,2,0,0.06,C,"31,50"
11011,714,0,,1,0,0,,31
11011,715,0,,1,0,0,,31
11011,716,0.05,,1,0.05,0.05,,31
11012,710,0,,1,0,0,B,50
11012,711,0,,1,0,0,B,50
11012,713,0,,1,0,0,B,50
11038,710,0,,1,0,0,D,89
11038,711,0,,1,0,0,D,89
11038,712,0,,1,0,0,D,89
11038,713,0,,1,0,0,D,89
11038,715,0.0001,,1,0.0001,0.0001,,89
11038,716,0,,1,0,0,,89
11043,710,0.062727272727273,0.117221976333524,11,0,0.39,B,"31,50,64,73,89"
11043,711,0.084545454545455,0.145390895164361,11,0,0.42,B,"31,50,64,73,89"
11043,712,0,0,4,0,0,C,"73,89"
11043,713,0.104,0.244027320874802,10,0,0.81,B,"31,64,73,89"
11043,714,0.0125,0.025,10,0,0.05,,"31,64,73"
11043,715,0.01165,0.012709183031703,6,0,0.0261,,"24,31,73,89"
11043,716,0.932,1.01275938570488,6,0,2.0004,,"24,31,73,89"
11052,710,0.005,0.005773502691896,4,0,0.01,B,"24,31,50"
11052,711,0.01,0.014142135623731,4,0,0.03,B,"24,31,50"
11052,713,0.015,0.019148542155127,4,0,0.04,B,"24,31,50"
11052,714,0.035,0,2,0.035,0.035,,24
11052,715,0.15,0,2,0.15,0.15,,24
11052,716,0,0,2,0,0,,24
11053,710,0.0075,0.005,4,0,0.01,B,"24,50,89"
11053,711,0.0175,0.015,4,0,0.03,B,"24,50,89"
11053,712,0,,1,0,0,C,89
11053,713,0.025,0.019148542155127,4,0,0.04,B,"24,50,89"
11053,714,0.035,0,2,0.035,0.035,,24
11053,715,0.0124,0.01056550992617,3,0.0002,0.0185,,"24,89"
11053,716,0,0,3,0,0,,"24,89"
11060,710,0,,1,0,0,B,50
11060,711,0.01,,1,0.01,0.01,B,50
11060,713,0.02,,1,0.02,0.02,B,50
11061,710,0.01,,1,0.01,0.01,B,50
11061,711,0.02,,1,0.02,0.02,B,50
11061,713,0.03,,1,0.03,0.03,B,50
11080,710,0,,1,0,0,D,31
11080,711,0,,1,0,0,D,31
11080,713,0,,1,0,0,D,31
11081,710,0,,1,0,0,B,50
11081,711,0,,1,0,0,B,50
11081,713,0,,1,0,0,B,50
11088,710,0,0,3,0,0,C,73
11088,711,0,0,3,0,0,C,73
11088,712,0,0,3,0,0,C,73
11088,713,0,0,3,0,0,C,73
11088,714,0,,3,0,0,,73
11088,715,0,,3,0,0,,73
11088,716,0,,3,0,0,,73
11090,710,0,,1,0,0,D,31
11090,711,0,,1,0,0,D,31
11090,713,0,,1,0,0,D,31
11091,710,0,,1,0,0,D,89
11091,711,0,,1,0,0,D,89
11091,712,0,,1,0,0,D,89
11091,713,0,,1,0,0,D,89
11091,715,0.0001,,1,0.0001,0.0001,,89
11091,716,0,,1,0,0,,89
11098,710,0,,1,0,0,B,50
11098,711,0,,1,0,0,B,50
11098,713,0,,1,0,0,B,50
11099,710,0,,1,0,0,B,50
11099,711,0,,1,0,0,B,50
11099,713,0,,1,0,0,B,50
11109,710,0,0,4,0,0,B,"31,50,89"
11109,711,0,0,4,0,0,B,"31,50,89"
11109,712,0,,1,0,0,C,89
11109,713,0,0,4,0,0,B,"31,50,89"
11109,715,0.0001,,1,0.0001,0.0001,,89
11109,716,0,,1,0,0,,89
11110,710,0,0,2,0,0,B,50
11110,711,0,0,2,0,0,B,50
11110,713,0,0,2,0,0,B,50
11112,710,0,,1,0,0,B,50
11112,711,0,,1,0,0,B,50
11113,710,0,,1,0,0,B,50
11113,711,0,,1,0,0,B,50
11113,713,0,,1,0,0,B,50
11114,710,0,,1,0,0,B,50
11114,711,0,,1,0,0,B,50
11114,713,0,,1,0,0,B,50
11115,710,0,,1,0,0,B,50
11115,711,0,,1,0,0,B,50
11115,713,0,,1,0,0,B,50
11116,710,0,,1,0,0,D,31
11116,711,0,,1,0,0,D,31
11116,713,0,,1,0,0,D,31
11124,710,0,0,3,0,0,C,"31,50,89"
11124,711,0,0,3,0,0,C,"31,50,89"
11124,712,0,,1,0,0,C,89
11124,713,0,0,3,0,0,C,"31,50,89"
11124,714,0,,1,0,0,,31
11124,715,5E-05,7.07106781186547E-05,2,0,0.0001,,"31,89"
11124,716,0,0,2,0,0,,"31,89"
11125,710,0,0,2,0,0,C,"50,89"
11125,711,0,0,2,0,0,C,"50,89"
11125,712,0,,1,0,0,C,89
11125,713,0,0,2,0,0,C,"50,89"
11125,715,0.0001,,1,0.0001,0.0001,,89
11125,716,0,,1,0,0,,89
11126,710,0,,1,0,0,B,50
11126,711,0,,1,0,0,B,50
11126,713,0,,1,0,0,B,50
11135,710,0,,1,0,0,B,50
11135,711,0,,1,0,0,B,50
11135,713,0,,1,0,0,B,50
11136,710,0,,1,0,0,B,50
11136,711,0,,1,0,0,B,50
11136,713,0,,1,0,0,B,50
11141,710,0,,1,0,0,B,50
11141,711,0,,1,0,0,B,50
11141,713,0,,1,0,0,B,50
11142,710,0,,1,0,0,B,50
11142,711,0,,1,0,0,B,50
11142,713,0,,1,0,0,B,50
11143,710,0,,1,0,0,B,50
11143,711,0,,1,0,0,B,50
11143,713,0,,1,0,0,B,50
11144,710,0,,1,0,0,B,50
11144,711,0,,1,0,0,B,50
11144,713,0,,1,0,0,B,50
11152,710,0,,1,0,0,B,50
11152,711,0,,1,0,0,B,50
11152,713,0,,1,0,0,B,50
11161,710,0,,1,0,0,D,31
11161,711,0,,1,0,0,D,31
11161,713,0,,1,0,0,D,31
11162,710,0,,1,0,0,D,89
11162,711,0,,1,0,0,D,89
11162,712,0,,1,0,0,D,89
11162,713,0,,1,0,0,D,89
11162,715,0,,1,0,0,,89
11162,716,0.0015,,1,0.0015,0.0015,,89
11167,710,0,0,2,0,0,C,"31,50"
11167,711,0,0,2,0,0,C,"31,50"
11167,713,0,0,2,0,0,C,"31,50"
11168,710,0,0,2,0,0,C,"50,89"
11168,711,0,0,2,0,0,C,"50,89"
11168,712,0,,1,0,0,C,89
11168,713,0.005,0.007071067811865,2,0,0.01,C,"50,89"
11168,715,0.0001,,1,0.0001,0.0001,,89
11168,716,0,,1,0,0,,89
11203,710,0,,1,0,0,B,50
11203,711,0,,1,0,0,B,50
11203,713,0,,1,0,0,B,50
11205,710,0,,1,0,0,B,50
11205,711,0,,1,0,0,B,50
11205,713,0,,1,0,0,B,50
11206,710,0,0,2,0,0,C,"31,50"
11206,711,0,0,2,0,0,C,"31,50"
11206,713,0,0,2,0,0,C,"31,50"
11209,710,0,,1,0,0,B,50
11209,711,0,,1,0,0,B,50
11209,713,0,,1,0,0,B,50
11210,710,0,,1,0,0,B,50
11210,711,0,,1,0,0,B,50
11210,713,0,,1,0,0,B,50
11215,710,0.005,0.007071067811865,2,0,0.01,C,"31,89"
11215,711,0.015,0.007071067811865,2,0.01,0.02,C,"31,89"
11215,712,0,,1,0,0,C,89
11215,713,0.02,0,2,0.02,0.02,C,"31,89"
11215,714,0.05,,1,0.05,0.05,,31
11215,715,0.0004,0.000565685424949,2,0,0.0008,,"31,89"
11215,716,5E-05,7.07106781186547E-05,2,0,0.0001,,"31,89"
11233,710,0,,1,0,0,D,31
11233,711,0,,1,0,0,D,31
11233,713,0,,1,0,0,D,31
11246,710,0,,1,0,0,B,50
11246,711,0,,1,0,0,B,50
11246,713,0,,1,0,0,B,50
11247,710,0,,1,0,0,B,50
11247,711,0,,1,0,0,B,50
11247,713,0,,1,0,0,B,50
11251,710,0,,1,0,0,D,89
11251,711,0,,1,0,0,D,89
11251,712,0,,1,0,0,D,89
11251,713,0,,1,0,0,D,89
11251,715,0.0001,,1,0.0001,0.0001,,89
11251,716,0.0001,,1,0.0001,0.0001,,89
11252,710,0,0,3,0,0,B,"31,50"
11252,711,0,0,3,0,0,B,"31,50"
11252,713,0,0,3,0,0,B,"31,50"
11260,710,0,0,2,0,0,C,"31,50"
11260,711,0,0,2,0,0,C,"31,50"
11260,713,0,0,2,0,0,C,"31,50"
11261,710,0,,1,0,0,B,50
11261,711,0,,1,0,0,B,50
11261,713,0,,1,0,0,B,50
11278,710,0,0,2,0,0,C,"31,50"
11278,711,0,0,2,0,0,C,"31,50"
11278,713,0.005,0.007071067811865,2,0,0.01,C,"31,50"
11282,710,0,0,2,0,0,C,"31,50"
11282,711,0,0,2,0,0,C,"31,50"
11282,713,0,0,2,0,0,C,"31,50"
11283,710,0,0,2,0,0,C,"50,89"
11283,711,0,0,2,0,0,C,"50,89"
11283,712,0,,1,0,0,C,89
11283,713,0,0,2,0,0,C,"50,89"
11283,715,0,,1,0,0,,89
11283,716,0,,1,0,0,,89
11292,710,0,,1,0,0,B,50
11292,711,0,,1,0,0,B,50
11292,713,0,,1,0,0,B,50
11298,710,0,,1,0,0,B,50
11298,711,0,,1,0,0,B,50
11298,713,0,,1,0,0,B,50
11299,710,0,,1,0,0,B,50
11299,711,0,,1,0,0,B,50
11299,713,0,,1,0,0,B,50
11300,710,0,0,3,0,0,C,73
11300,711,0,0,3,0,0,C,73
11300,712,0,0,3,0,0,C,73
11300,713,0,0,3,0,0,C,73
11300,714,0,,3,0,0,,73
11300,715,0,,3,0,0,,73
11300,716,0,,3,0,0,,73
11304,710,0,0,7,0,0,B,"50,73"
11304,711,0.001428571428571,0.003595159254891,7,0,0.01,B,"50,73"
11304,712,0,0,6,0,0,B,73
11304,713,0.001428571428571,0.003595159254891,7,0,0.01,B,"50,73"
11304,714,0,0,6,0,0,,73
11304,715,0,0,6,0,0,,73
11304,716,0,0,6,0,0,,73
11305,710,0,,1,0,0,B,50
11305,711,0,,1,0,0,B,50
11305,713,0,,1,0,0,B,50
11306,710,0,,1,0,0,B,50
11306,711,0,,1,0,0,B,50
11306,713,0,,1,0,0,B,50
11312,710,0,,1,0,0,B,50
11312,711,0.01,,1,0.01,0.01,B,50
11312,713,0.01,,1,0.01,0.01,B,50
11313,710,0,,1,0,0,B,50
11313,711,0,,1,0,0,B,50
11313,713,0,,1,0,0,B,50
11333,710,0,0,2,0,0,C,"31,50"
11333,711,0,0,2,0,0,C,"31,50"
11333,713,0,0,2,0,0,C,"31,50"
11352,710,0,0,2,0,0,C,"31,50"
11352,711,0,0,2,0,0,C,"31,50"
11352,713,0,0,2,0,0,C,"31,50"
11355,710,0,,1,0,0,B,50
11355,711,0,,1,0,0,B,50
11355,713,0,,1,0,0,B,50
11358,710,0,,1,0,0,B,50
11358,711,0,,1,0,0,B,50
11360,710,0,0,2,0,0,C,"31,89"
11360,711,0,0,2,0,0,C,"31,89"
11360,712,0,,1,0,0,C,89
11360,713,0,0,2,0,0,C,"31,89"
11360,715,0.0003,,1,0.0003,0.0003,,89
11360,716,0.0001,,1,0.0001,0.0001,,89
11365,710,0,,1,0,0,B,50
11365,711,0,,1,0,0,B,50
11365,713,0,,1,0,0,B,50
11367,710,0,,1,0,0,D,89
11367,711,0,,1,0,0,D,89
11367,712,0,,1,0,0,D,89
11367,713,0,,1,0,0,D,89
11367,715,0.0001,,1,0.0001,0.0001,,89
11367,716,0,,1,0,0,,89
11422,710,0,,1,0,0,B,50
11422,711,0,,1,0,0,B,50
11422,713,0,,1,0,0,B,50
11423,710,0,,1,0,0,D,89
11423,711,0,,1,0,0,D,89
11423,712,0,,1,0,0,D,89
11423,713,0,,1,0,0,D,89
11423,715,0,,1,0,0,,89
11423,716,0,,1,0,0,,89
11429,710,0,,1,0,0,B,50
11429,711,0,,1,0,0,B,50
11429,713,0,,1,0,0,B,50
11435,710,0,,1,0,0,B,50
11435,711,0,,1,0,0,B,50
11435,713,0,,1,0,0,B,50
11436,710,0,,1,0,0,B,50
11436,711,0,,1,0,0,B,50
11436,713,0,,1,0,0,B,50
11450,710,20.3397458857143,12.7985400218363,35,0.006106,54.9,B,"2,24,34,68,73,87,100"
11450,711,22.5703928571429,16.917898325328,35,0.04375,62.07,B,"2,24,34,68,73,87,100"
11450,712,7.56642857142857,4.70143291025991,28,0,22.6,B,"2,68,73,87,100"
11450,713,48.9509958857143,30.322258578097,35,0.049856,120.94,B,"2,24,34,68,73,87,100"
11450,714,0,0,8,0,0,,"2,24,73"
11450,715,0,0,8,0,0,,"2,24,73"
11450,716,0,0,8,0,0,,"2,24,73"
11451,710,7.4125,0.342326598440729,4,6.85,7.6,C,"22,24"
11451,711,7.06,0.073029674334022,4,6.94,7.1,C,"22,24"
11451,712,4.6,0,3,4.6,4.6,C,22
11451,713,17.9225,2.51495940987789,4,13.79,19.3,C,"22,24"
11451,714,0,,1,0,0,,24
11451,715,0,,1,0,0,,24
11451,716,0,,1,0,0,,24
11452,710,12.8626984126984,8.04585432452328,63,0,47.65,B,"9,23,31,52,64,73,78,89,97"
11452,711,18.7650634920635,11.2190320208413,63,0,60.03,B,"9,23,31,52,64,73,78,89,97"
11452,712,2.8769387755102,1.59422785701608,49,0,8.41,B,"52,73,89"
11452,713,34.3940161290323,19.8125297006243,62,0,107.12,B,"9,23,31,52,64,73,89,97"
11452,714,0,0,12,0,0,,"31,64,73"
11452,715,0.031116666666667,0.076219955829603,10,0,0.1867,,"31,73,89,97"
11452,716,0.340893333333333,0.346402723237948,10,0,0.9196,,"31,73,89,97"
11453,710,5,0,2,5,5,C,22
11453,711,6.7,0,2,6.7,6.7,C,22
11453,712,0.8,0,2,0.8,0.8,C,22
11453,713,12.5,0,2,12.5,12.5,C,22
11457,710,0,0,3,0,0,C,"31,50,89"
11457,711,0,0,3,0,0,C,"31,50,89"
11457,712,0,,1,0,0,C,89
11457,713,0,0,3,0,0,C,"31,50,89"
11457,715,0.0001,,1,0.0001,0.0001,,89
11457,716,0,,1,0,0,,89
11458,710,0,0,2,0,0,C,"50,89"
11458,711,0,0,2,0,0,C,"50,89"
11458,712,0,,1,0,0,C,89
11458,713,0,0,2,0,0,C,"50,89"
11458,715,0.0001,,1,0.0001,0.0001,,89
11458,716,0,,1,0,0,,89
11468,715,0.0001,,1,0.0001,0.0001,,89
11468,716,0,,1,0,0,,89
11477,710,0,0,2,0,0,B,50
11477,711,0,0,2,0,0,B,50
11477,713,0,0,2,0,0,B,50
11478,710,0,0,2,0,0,B,50
11478,711,0,0,2,0,0,B,50
11478,713,0,0,2,0,0,B,50
11486,710,0,,1,0,0,D,89
11486,711,0,,1,0,0,D,89
11486,712,0,,1,0,0,D,89
11486,713,0,,1,0,0,D,89
11507,710,0,0,2,0,0,C,"31,50"
11507,711,0.01,0.014142135623731,2,0,0.02,C,"31,50"
11507,713,0.01,0.014142135623731,2,0,0.02,C,"31,50"
11507,714,0,,1,0,0,,31
11507,715,0,,1,0,0,,31
11507,716,0,,1,0,0,,31
11510,710,0,0,2,0,0,C,"50,89"
11510,711,0,0,2,0,0,C,"50,89"
11510,712,0,,1,0,0,C,89
11510,713,0,0,2,0,0,C,"50,89,"
11510,715,0.0001,,1,0.0001,0.0001,,89
11510,716,0,,1,0,0,,89
11529,710,0,0,3,0,0,C,"31,50,89"
11529,711,0,0,3,0,0,C,"31,50,89"
11529,712,0,,1,0,0,C,89
11529,713,0,0,3,0,0,C,"31,50,89"
11529,715,0.0001,,1,0.0001,0.0001,,89
11529,716,0,,1,0,0,,89
11564,710,0,0,2,0,0,C,"31,50"
11564,711,0,0,2,0,0,C,"31,50"
11564,713,0,0,2,0,0,C,"31,50"
11565,710,0,,1,0,0,B,50
11565,711,0,,1,0,0,B,50
11565,713,0,,1,0,0,B,50
11578,710,0,,1,0,0,D,89
11578,711,0.01,,1,0.01,0.01,D,89
11578,712,0,,1,0,0,D,89
11578,713,0.01,,1,0.01,0.01,D,89
11578,715,0.0003,,1,0.0003,0.0003,,89
11578,716,0.0001,,1,0.0001,0.0001,,89
11591,710,0,,1,0,0,B,50
11591,711,0,,1,0,0,B,50
11591,713,0,,1,0,0,B,50
11667,715,0.0007,,1,0.0007,0.0007,,89
11667,716,0.0001,,1,0.0001,0.0001,,89
11670,710,0,,1,0,0,D,31
11670,711,0,,1,0,0,D,31
11670,713,0,,1,0,0,D,31
11697,710,0,,1,0,0,B,49
11697,711,0,,1,0,0,B,49
11697,713,0.01,,1,0.01,0.01,B,49
11935,710,0,,1,0,0,D,31
11935,711,0,,1,0,0,D,31
11935,713,0,,1,0,0,D,31
11957,710,0,,1,0,0,B,50
11957,711,0,,1,0,0,B,50
11957,713,0,,1,0,0,B,50
11963,710,0,,1,0,0,D,31
11963,711,0,,1,0,0,D,31
11963,713,0,,1,0,0,D,31
12023,710,0,0,2,0,0,C,"51,89"
12023,711,0,0,2,0,0,C,"51,89"
12023,712,0,,1,0,0,C,89
12023,713,0.01,0,2,0.01,0.01,C,"51,89"
12023,715,0.0038,,1,0.0038,0.0038,,89
12023,716,0.0004,,1,0.0004,0.0004,,89
12036,710,0.002,0,3,0.002,0.002,C,59
12036,711,0.002,0,3,0.002,0.002,C,59
12036,713,0.004,0,3,0.004,0.004,C,59
12036,714,0.005,,3,0.005,0.005,,59
12036,715,0.026,,3,0.026,0.026,,59
12036,716,0.005,,3,0.005,0.005,,59
12038,710,0,0,3,0,0,C,"31,51,89"
12038,711,0,0,3,0,0,C,"31,51,89"
12038,712,0,,1,0,0,C,89
12038,713,0,0,3,0,0,C,"31,51,89"
12038,714,0,,1,0,0,,31
12038,715,0.00035,0.000494974746831,2,0,0.0007,,31.89
12038,716,5E-05,7.07106781186547E-05,2,0,0.0001,,31.89
12061,710,0,0,2,0,0,C,"51,89"
12061,711,0.005,0.007071067811865,2,0,0.01,C,"51,89"
12061,712,0,,1,0,0,C,89
12061,713,0.01,0.014142135623731,2,0,0.02,C,"51,89"
12061,715,0.0008,,1,0.0008,0.0008,,89
12061,716,0.018,,1,0.018,0.018,,89
12078,710,0,,1,0,0,B,51
12078,711,0,,1,0,0,B,51
12078,713,0,,1,0,0,B,51
12087,710,0,,1,0,0,D,89
12087,711,0.01,,1,0.01,0.01,D,89
12087,712,0,,1,0,0,D,89
12087,713,0.01,,1,0.01,0.01,D,89
12087,715,0.01,,1,0.01,0.01,,89
12087,716,0.0004,,1,0.0004,0.0004,,89
12097,710,0,,1,0,0,B,51
12097,711,0,,1,0,0,B,51
12097,713,0.01,,1,0.01,0.01,B,51
12101,710,0,0,2,0,0,C,"51,89"
12101,711,0.01,0.014142135623731,2,0,0.02,C,"51,89"
12101,712,0,,1,0,0,C,89
12101,713,0.01,0.014142135623731,2,0,0.02,C,"51,89"
12101,715,0.0017,,1,0.0017,0.0017,,89
12101,716,0.0024,,1,0.0024,0.0024,,89
12104,710,0.01,,1,0.01,0.01,B,51
12104,711,0.01,,1,0.01,0.01,B,51
12104,713,0.02,,1,0.02,0.02,B,51
12108,710,0,,1,0,0,B,51
12108,711,0,,1,0,0,B,51
12108,713,0,,1,0,0,B,51
12120,710,0.005,0.007071067811865,2,0,0.01,C,"51,89"
12120,711,0.02,0,2,0.02,0.02,C,"51,89"
12120,712,0,,1,0,0,C,89
12120,713,0.025,0.007071067811865,2,0.02,0.03,C,"51,89"
12120,715,0.0012,,1,0.0012,0.0012,,89
12120,716,0.0003,,1,0.0003,0.0003,,89
12142,710,0,,1,0,0,D,89
12142,711,0,,1,0,0,D,89
12142,712,0,,1,0,0,D,89
12142,713,0,,1,0,0,D,89
12142,715,0.0007,,1,0.0007,0.0007,,89
12142,716,0.0003,,1,0.0003,0.0003,,89
12151,710,1.875,2.55265548008344,2,0.07,3.68,C,"29,89"
12151,711,1.75,2.33345237791561,2,0.1,3.4,C,"29,89"
12151,712,0,,1,0,0,C,89
12151,713,3.63,4.87903679018718,2,0.18,7.08,C,"29,89"
12151,715,0.0002,,1,0.0002,0.0002,,89
12151,716,0.0067,,1,0.0067,0.0067,,89
12155,710,0.02,0.028284271247462,2,0,0.04,C,"51,89"
12155,711,0.01,0.014142135623731,2,0,0.02,C,"51,89"
12155,712,0,,1,0,0,C,89
12155,713,0.025,0.035355339059327,2,0,0.05,C,"51,89"
12155,715,0.0009,,1,0.0009,0.0009,,89
12155,716,0.0006,,1,0.0006,0.0006,,89
12220,710,0.015,0.027386127875258,4,0,0.06,C,"59,89"
12220,711,0.0425,0.077594028979899,4,0,0.17,C,"59,89"
12220,712,0.06,,1,0.06,0.06,C,89
12220,713,0.0725,0.132366284730415,4,0,0.29,C,"59,89"
12220,714,0,,3,0,0,,59
12220,715,0.01705,0.024112341238461,4,0,0.0341,,"59,89"
12220,716,0.0234,0.033092597359531,4,0,0.0468,,"59,89"
14003,710,0,,1,0,0,D,31
14003,711,0,,1,0,0,D,31
14003,713,0,,1,0,0,D,31
14006,710,0,,1,0,0,C,89
14006,711,0,,1,0,0,C,89
14006,712,0,,1,0,0,C,89
14006,713,0,,1,0,0,C,89
14006,715,0.0003,,1,0.0003,0.0003,,89
14006,716,0,,1,0,0,,89
14106,710,0,,1,0,0,C,89
14106,711,0,,1,0,0,C,89
14106,712,0,,1,0,0,C,89
14106,713,0,,1,0,0,C,89
14106,715,0.0022,,1,0.0022,0.0022,,89
14106,716,0.0001,,1,0.0001,0.0001,,89
14201,710,0,,1,0,0,D,89
14201,711,0,,1,0,0,D,89
14201,712,0,,1,0,0,D,89
14201,713,0,,1,0,0,D,89
14201,715,0.0002,,1,0.0002,0.0002,,89
14201,716,0,,1,0,0,,89
14209,710,0.025,0.035355339059327,2,0,0.05,C,"31,89"
14209,711,0.01,0.014142135623731,2,0,0.02,C,"31,89"
14209,712,0,,1,0,0,C,89
14209,713,0.035,0.049497474683058,2,0,0.07,C,"31,89"
14209,714,0,,1,0,0,,31
14209,715,0.0001,0.000141421356237,2,0,0.0002,,"31,89"
14209,716,0.025,0.035355339059327,2,0,0.05,,"31,89"
14242,710,0,,1,0,0,C,89
14242,711,0,,1,0,0,C,89
14242,712,0,,1,0,0,C,89
14242,713,0,,1,0,0,C,89
14242,715,0.001,,1,0.001,0.001,,89
14242,716,0,,1,0,0,,89
14355,710,0,0,2,0,0,C,"31,89"
14355,711,0,0,2,0,0,C,"31,89"
14355,712,0,,1,0,0,C,89
14355,713,0,0,2,0,0,C,"31,89"
14355,715,0.0001,,1,0.0001,0.0001,,89
14355,716,0.0002,,1,0.0002,0.0002,,89
14602,710,0,,1,0,0,C,89
14602,711,0,,1,0,0,C,89
14602,712,0,,1,0,0,C,89
14602,713,0,,1,0,0,C,89
14602,715,0.0121,,1,0.0121,0.0121,,89
14602,716,0.0001,,1,0.0001,0.0001,,89
15138,710,0.05,0.070710678118655,2,0,0.1,C,91
15138,711,0.05,0.070710678118655,2,0,0.1,C,91
15138,712,0,0,2,0,0,C,91
15138,713,0.1,0.14142135623731,2,0,0.2,C,91
15184,710,0.0375,0.074402380914285,8,0,0.2,B,"89,91"
15184,711,0.05,0.10690449676497,8,0,0.3,B,"89,91"
15184,712,0,0,8,0,0,B,"89,91"
15184,713,0.0875,0.17268882005338,8,0,0.5,B,"89,91"
15184,715,0.0002,,1,0.0002,0.0002,,89
15184,716,0,,1,0,0,,89
15185,710,0.116666666666667,0.240138848724372,6,0,0.6,C,91
15185,711,0.15,0.367423461417477,6,0,0.9,C,91
15185,712,0.016666666666667,0.040824829046386,6,0,0.1,C,91
15185,713,0.283333333333333,0.646271356836017,6,0,1.6,C,91
16001,710,0.356666666666667,0.155429512427123,9,0,0.57,B,"61,73"
16001,711,0.233333333333333,0.101159939369957,9,0,0.36,B,"61,73"
16001,712,0,0,6,0,0,C,73
16001,713,0.586666666666667,0.254476587004253,9,0,0.91,B,"61,73"
16001,714,0,0,6,0,0,,73
16001,715,0,0,6,0,0,,73
16001,716,0,0,6,0,0,,73
16006,710,0,0,4,0,0,B,"50,89,99"
16006,711,0.005,0.005773502691896,4,0,0.01,B,"50,89,99"
16006,712,0,0,2,0,0,C,"89,99"
16006,713,0.005,0.005773502691896,4,0,0.01,B,"50,89,99"
16009,715,0.0005,,1,0.0005,0.0005,,89
16009,716,0,,1,0,0,,89
16014,710,0.006666666666667,0.011547005383793,3,0,0.02,C,"2,24,31"
16014,711,0,0,3,0,0,C,"2,24,31"
16014,712,0,,1,0,0,C,2
16014,713,0.006666666666667,0.011547005383793,3,0,0.02,C,"2,24,31"
16014,714,0,,1,0,0,,2
16014,715,0,,1,0,0,,2
16014,716,0,,1,0,0,,2
16018,710,0,,1,0,0,D,89
16018,711,0,,1,0,0,D,89
16018,712,0,,1,0,0,D,89
16018,713,0,,1,0,0,D,89
16018,715,0.0029,,1,0.0029,0.0029,,89
16018,716,0,,1,0,0,,89
16019,710,0,,1,0,0,C,2
16019,711,0,,1,0,0,C,2
16019,712,0.01,,1,0.01,0.01,C,2
16019,713,0.01,,1,0.01,0.01,C,2
16019,714,0,,1,0,0,,2
16019,715,0,,1,0,0,,2
16019,716,0,,1,0,0,,2
16024,710,0,0,2,0,0,C,"24,31"
16024,711,0,0,2,0,0,C,"24,31"
16024,713,0,0,2,0,0,C,"24,31"
16024,714,0.6,,1,0.6,0.6,,24
16024,715,0,,1,0,0,,24
16024,716,0,,1,0,0,,24
16027,712,0,0,15,0,0,B,7
16027,714,0.042061538461539,0.137674329115619,25,0,0.5,,"57,73"
16027,715,0.003346153846154,0.003709360992726,25,0,0.0109,,"57,73"
16027,716,0.002592307692308,0.004143762689968,25,0,0.01,,"57,73"
16028,710,0,,1,0,0,C,24
16028,711,0,,1,0,0,C,24
16028,713,0,,1,0,0,C,24
16028,714,0.41,,1,0.41,0.41,,24
16028,715,0,,1,0,0,,24
16028,716,0,,1,0,0,,24
16032,710,0.0135,0.009192388155425,2,0.007,0.02,B,"50,57"
16032,711,0.01,0.014142135623731,2,0,0.02,B,"50,57"
16032,713,0.0235,0.023334523779156,2,0.007,0.04,B,"50,57"
16032,714,0.0073,,3,0.0073,0.0073,,57
16032,715,0,,3,0,0,,57
16032,716,0,,3,0,0,,57
16033,710,0.005,0.007071067811865,2,0,0.01,B,"24,50"
16033,711,0.005,0.007071067811865,2,0,0.01,B,"24,50"
16033,713,0.01,0.014142135623731,2,0,0.02,B,"24,50"
16034,710,0,,1,0,0,D,89
16034,711,0,,1,0,0,D,89
16034,712,0,,1,0,0,D,89
16034,713,0,,1,0,0,D,89
16034,715,0.0002,,1,0.0002,0.0002,,89
16034,716,0,,1,0,0,,89
16037,710,0.007,0.009899494936612,2,0,0.014,C,"24,57"
16037,711,0.204,0.288499566724111,2,0,0.408,C,"24,57"
16037,713,0.211,0.298399061660723,2,0,0.422,C,"24,57"
16037,714,0.0197,0.021637467504308,4,0.0044,0.035,,"24,57"
16037,715,0,0,4,0,0,,"24,57"
16037,716,0,0,4,0,0,,"24,57"
16040,710,0,,1,0,0,C,24
16040,711,0,,1,0,0,C,24
16040,713,0,,1,0,0,C,24
16040,714,0,,1,0,0,,24
16040,715,1.05,,1,1.05,1.05,,24
16040,716,0,,1,0,0,,24
16042,710,0.006666666666667,0.011547005383793,3,0,0.02,C,"24,31,57"
16042,711,0.172666666666667,0.299067439440226,3,0,0.518,C,"24,31,57"
16042,713,0.179333333333333,0.310614444824019,3,0,0.538,C,"24,31,57"
16042,714,0.28105,0.394494873223975,4,0.0021,0.56,,"24,57"
16042,715,0.00925,0.013081475451951,4,0,0.0185,,"24,57"
16042,716,1.805,2.55265548008344,4,0,3.61,,"24,57"
16045,710,0,0,2,0,0,C,"24,31"
16045,711,0.37,0.523259018078045,2,0,0.74,C,"24,31"
16045,713,0.37,0.523259018078045,2,0,0.74,C,"24,31"
16045,714,0,,1,0,0,,24
16045,715,0.82,,1,0.82,0.82,,24
16045,716,0,,1,0,0,,24
16047,710,0.257142857142857,0.122335548368239,7,0,0.4,C,"2,82"
16047,711,0.171428571428571,0.071903185097817,7,0,0.2,C,"2,82"
16047,712,0,,1,0,0,C,2
16047,713,0.428571428571429,0.188802167634276,7,0,0.6,C,"2,82"
16047,714,0,,1,0,0,,2
16047,715,0,,1,0,0,,2
16047,716,0,,1,0,0,,2
16049,710,0,,1,0,0,C,2
16049,711,0.01,,1,0.01,0.01,C,2
16049,712,0.01,,1,0.01,0.01,C,2
16049,713,0.02,,1,0.02,0.02,C,2
16049,714,0.01,,1,0.01,0.01,,2
16049,715,0,,1,0,0,,2
16049,716,0,,1,0,0,,2
16050,710,0.01,,1,0.01,0.01,D,89
16050,711,0.03,,1,0.03,0.03,D,89
16050,712,0,,1,0,0,D,89
16050,713,0.04,,1,0.04,0.04,D,89
16050,715,0.0004,,1,0.0004,0.0004,,89
16050,716,0.0001,,1,0.0001,0.0001,,89
16052,710,0.331874,1.00344632926618,10,0,3.27074,B,"2,50,57,61,73"
16052,711,0.148384615384615,0.521684982916314,13,0,1.925,B,"2,25,50,57,61,73"
16052,712,0.275,0.502079011046402,4,0,1.1,B,"2,73"
16052,713,0.634774,1.9329297259589,10,0,6.29574,B,"2,50,57,61,73"
16052,714,0.1205,0.227715465731542,6,0,0.462,,"2,57,73"
16052,715,0.011325,0.018687495819398,6,0,0.039,,"2,57,73"
16052,716,0,0,6,0,0,,"2,57,73"
16053,710,0,,1,0,0,B,50
16053,711,0,,1,0,0,B,50
16053,713,0,,1,0,0,B,50
16054,710,0,,1,0,0,D,89
16054,711,0,,1,0,0,D,89
16054,712,0,,1,0,0,D,89
16054,713,0,,1,0,0,D,89
16054,715,0.0001,,1,0.0001,0.0001,,89
16054,716,0,,1,0,0,,89
16056,710,0.21,0.203599715676466,11,0,0.65,B,"2,24,31,50,57,73,76b"
16056,711,0.06475,0.05,10,0,0.1375,B,"2,24,31,50,57,73,76b"
16056,712,0.18,0.38,5,0,0.89,B,"2,73,76b"
16056,713,0.3796712,0.311920722943051,10,0,1.059712,B,"2,24,31,50,57,73"
16056,714,1.53858571428571,1.01886871975502,9,0,3.08,,"2,24,31,57,73"
16056,715,0.121042857142857,0.129574867125057,9,0,0.36,,"2,24,31,57,73"
16056,716,0.007857142857143,0.018676443018132,9,0,0.05,,"2,24,31,57,73"
16057,710,0,,1,0,0,B,50
16057,711,0.02,,1,0.02,0.02,B,50
16057,713,0.02,,1,0.02,0.02,B,50
16058,710,0,,1,0,0,D,89
16058,711,0,,1,0,0,D,89
16058,712,0,,1,0,0,D,89
16058,713,0,,1,0,0,D,89
16058,715,0.0005,,1,0.0005,0.0005,,89
16058,716,0.0001,,1,0.0001,0.0001,,89
16062,710,0.0125,0.0125,4,0,0.025,C,"24,31,57"
16062,711,0.017,0.017,4,0,0.034,C,"24,31,57"
16062,713,0.0295,0.0295,4,0,0.059,C,"24,31,57"
16062,714,0.579233333333333,0.996600603719129,3,0,1.73,,"24,57"
16062,715,0.001833333333333,0.003175426480543,3,0,0.0055,,"24,57"
16062,716,0.0059,0.005237365750069,3,0,0.01,,"24,57"
16069,710,0.0106325,0.020732059692832,9,0,0.06106,B,"2,24,31,50,57,76b"
16069,711,0.05215625,0.122288683785212,9,0,0.35625,B,"2,24,31,50,57,76b"
16069,712,0,0,3,0,0,C,"2,76b"
16069,713,0.06278875,0.142729685550262,8,0,0.41731,B,"2,24,31,50,57"
16069,714,0.004275,0.005076333979031,4,0,0.01,,"2,57"
16069,715,0.00455,0.005413871073456,4,0,0.0107,,"2,57"
16069,716,0.0017,0.0034,4,0,0.0068,,"2,57"
16070,710,0,0,2,0,0,C,"50,89"
16070,711,0,0,2,0,0,C,"50,89"
16070,712,0,,1,0,0,C,89
16070,713,0.005,0.007071067811865,2,0,0.01,C,"50,89"
16070,715,0.007,,1,0.007,0.007,,89
16070,716,0.0003,,1,0.0003,0.0003,,89
16071,712,0,0,21,0,0,B,73
16071,714,0.273181818181818,0.260595705329853,25,0,0.5,,"24,57,73"
16071,715,0.322745454545455,0.307144719517156,25,0.009,0.959,,"24,57,73"
16071,716,0.136363636363636,0.445651718885336,25,0,1.48,,"24,57,73"
16072,710,0.013333333333333,0.01527525231652,3,0,0.03,B,"24,50"
16072,711,0.026666666666667,0.04618802153517,3,0,0.08,B,"24,50"
16072,713,0.005,0.007071067811865,2,0,0.01,B,"24,50"
16072,714,0,,1,0,0,,24
16072,715,0.01,,1,0.01,0.01,,24
16072,716,0,,1,0,0,,24
16074,710,0,,1,0,0,C,24
16074,711,0,,1,0,0,C,24
16074,713,0,,1,0,0,C,24
16074,714,0.37,,1,0.37,0.37,,24
16074,715,0.55,,1,0.55,0.55,,24
16074,716,0,,1,0,0,,24
16076,710,0.1,,1,0.1,0.1,C,2
16076,711,0.145,,1,0.145,0.145,C,2
16076,712,0,,1,0,0,C,2
16076,713,0.245,,1,0.245,0.245,C,2
16076,714,0,,1,0,0,,2
16076,715,0,,1,0,0,,2
16076,716,0,,1,0,0,,2
16080,710,0.003076923076923,0.003217923178977,13,0,0.01,B,"24,50,57,64,73"
16080,711,0.085,0.093852721502007,13,0,0.365,B,"24,50,57,64,73"
16080,712,0,0,3,0,0,B,73
16080,713,0.088076923076923,0.095843602056824,13,0,0.375,B,"24,50,57,64,73"
16080,714,0.003525,0.00705,10,0,0.0141,,"24,57,64,73"
16080,715,0.205833333333333,0.350038688337923,5,0,0.61,,"24,57,73"
16080,716,0.003333333333333,0.005773502691896,5,0,0.01,,"24,57,73"
16081,710,0.005,0.007071067811865,2,0,0.01,C,"50,89"
16081,711,0.005,0.007071067811865,2,0,0.01,C,"50,89"
16081,712,0,,1,0,0,C,89
16081,713,0.01,0.014142135623731,2,0,0.02,C,"50,89"
16081,715,0.0005,,1,0.0005,0.0005,,89
16081,716,0,,1,0,0,,89
16083,710,0.010285714285714,0.008161632489763,7,0,0.024,B,"24,57,73"
16083,711,0.011142857142857,0.008841768530577,7,0,0.026,B,"24,57,73"
16083,712,0,0,3,0,0,C,73
16083,713,0.021428571428572,0.01700340102034,7,0,0.05,B,"24,57,73"
16083,714,0.023125,0.039021820818614,6,0,0.0811,,"57,73"
16083,715,0.0005,0.001,6,0,0.002,,"57,73"
16083,716,0.004875,0.00563286487204,6,0,0.01,,"57,73"
16085,710,0.32,1.5,23,0,7.26,B,"24,31,50,57,61,73,76b"
16085,711,0.112181818181818,0.16,23,0,0.8,B,"24,31,50,57,61,73,76b"
16085,712,0,0,10,0,0,B,"73,76b"
16085,713,0.444818181818182,1.51629235807331,22,0,7.26,B,"24,31,50,57,61,73"
16085,714,0.08762,0.271395020833716,14,0,0.86,,"2,24,57,73"
16085,715,0.00381,0.006175120331711,14,0,0.0185,,"2,24,57,73"
16085,716,0.812,2.56425774402219,14,0,8.11,,"2,24,57,73"
16086,710,0,0,2,0,0,B,50
16086,711,0.01,0,2,0.01,0.01,B,50
16086,713,0.015,0.007071067811865,2,0.01,0.02,B,50
16087,710,0.020555555555556,0.012350963375231,9,0.005,0.05,B,"51,57"
16087,711,0.244888888888889,0.110101426303541,9,0.02,0.387,B,"51,57"
16087,713,0.264333333333333,0.10796179879939,9,0.02,0.392,B,"51,57"
16087,714,0.006316666666667,0.001811537100549,6,0.0036,0.0078,,57
16087,715,0.001733333333333,0.00286961089116,6,0,0.0068,,57
16087,716,0.001666666666667,0.004082482904639,6,0,0.01,,57
16089,710,0,,1,0,0,D,89
16089,711,0,,1,0,0,D,89
16089,712,0,,1,0,0,D,89
16089,713,0.01,,1,0.01,0.01,D,89
16089,715,0.0003,,1,0.0003,0.0003,,89
16089,716,0.0001,,1,0.0001,0.0001,,89
16090,710,0,,1,0,0,B,51
16090,711,0.02,,1,0.02,0.02,B,51
16090,713,0.02,,1,0.02,0.02,B,51
16098,710,0,0,2,0,0,C,"31,51"
16098,711,0.005,0.007071067811865,2,0,0.01,C,"31,51"
16098,713,0.005,0.007071067811865,2,0,0.01,C,"31,51"
16101,710,0.018,0,3,0.018,0.018,C,57
16101,711,0.54,0,3,0.54,0.54,C,57
16101,713,0.558,0,3,0.558,0.558,C,57
16101,714,0.1034,0.106120497548777,3,0.0104,0.219,,57
16101,715,0.015166666666667,0.010526791217334,3,0.0051,0.0261,,57
16101,716,0.006666666666667,0.005773502691896,3,0,0.01,,57
16104,710,2.2,0.734846922834953,5,1,2.8,C,"89,91,95"
16104,711,5.66,1.6489996967859,5,2.7,6.9,C,"89,91,95"
16104,712,1.5,1.05593560409714,5,0.1,2.4,C,"89,91,95"
16104,713,9.358,3.25814947477859,5,4.5,12.1,C,"89,91,95"
16104,715,0.0041,,1,0.0041,0.0041,,89
16104,716,0,,1,0,0,,89
16107,710,4.45714285714286,1.51868184878306,7,3.6,8,B,"64,66,99"
16107,711,9.22857142857143,1.49695836740422,7,8.3,12.5,B,"64,66,99"
16107,712,2.3,0.707106781186547,2,1.8,2.8,C,"66,99"
16107,713,14.3428571428571,4.01677604502895,7,11.9,23.3,B,"64,66,99"
16107,714,0,,5,0,0,,64
16108,710,62.9042521976866,19.890400237598,951,2.64,191.43,B,"2,4,6,8,11,15,21,22,23,24,26,31,32,34,36,42,44,45,47,50,52,53,57,60,64,73,74,78,88,90,94,95,96,98,99,100"
16108,711,81.3539747634069,22.6325794819374,951,5.56,276.21,B,"2,4,6,8,11,15,21,22,23,24,26,31,32,34,36,42,44,45,47,50,52,53,57,60,64,73,74,78,88,90,94,95,96,98,99,100"
16108,712,15.2859274755928,7.58076473546764,717,0,121.69,B,"2,4,6,11,15,22,23,26,32,36,42,44,47,52,53,60,73,74,90,94,95,96,98,99,100"
16108,713,155.762119831579,43.2321330674505,950,10.04,440.72,B,"2,4,6,8,11,15,21,22,23,24,26,31,32,34,36,42,44,45,47,50,52,53,57,60,64,73,74,88,90,94,95,96,98,99,100"
16108,714,0.003308333333333,0.006103271601561,25,0,0.015,,"2,24,31,57,64,73,88"
16108,715,8.45860666666667,14.5517418501049,46,0,39.4,,"2,24,31,44,57,73"
16108,716,0.018681818181818,0.055440108552957,20,0,0.1854,,"2,24,31,57,73,88"
16109,710,30.7649778571429,10.6385215485237,28,9.65646,64.9,B,"8,22,24,50,74,89,90"
16109,711,31.2607142857143,8.83431328368286,28,4.1,54.1,B,"8,22,24,50,74,89,90"
16109,712,3.75173913043478,1.53467283979698,23,0.85,9.2,B,"22,74,89,90"
16109,713,65.1074778571429,19.5660899187744,28,22.65646,128.2,B,"8,22,24,50,74,89,90"
16109,714,0,,1,0,0,,24
16109,715,0.0026,0.00367695526217,2,0,0.0052,,"24,89"
16109,716,0.00075,0.00106066017178,2,0,0.0015,,"24,89"
16111,710,62.137375,28.0350636208852,16,0.536,97,B,"13,22,23,24,68,74,89,95"
16111,711,75.77832,25.1761636016848,25,1.103,110.55,B,"13,14,22,23,24,25,68,74,89,95"
16111,712,13.325,8.68577729813097,12,0,30.7,B,"22,23,68,74,89,95"
16111,713,148.496625,63.1153634629511,16,1.659,201.9,B,"13,22,23,24,68,74,89,95"
16111,714,0,,1,0,0,,24
16111,715,0.0308,0.043557777721091,2,0,0.0616,,"24,89"
16111,716,0.01855,0.026233661582021,2,0,0.0371,,"24,89"
16112,710,16.426895,7.69280390938744,72,1.81,47.12,B,"8,13,22,55,61,66,74,89,90,95,102"
16112,711,23.2365,8.37064473439654,78,1.45,52.4,B,"8,13,22,25,55,61,66,74,89,90,95,102"
16112,712,3.00390243902439,0.813436689283034,41,0.8,5.34,B,"22,66,74,89,90,95"
16112,713,41.4478255555556,16.165541197286,72,3.26,99.52,B,"8,13,22,55,61,66,74,89,90,95,102"
16112,715,0.0053,,1,0.0053,0.0053,,89
16112,716,0,,1,0,0,,89
16113,710,33.2204761904762,9.47573168397629,21,16.02,55.3,B,"9,22,66,68,74,90"
16113,711,37.6601851851852,7.84993892186948,27,21.52,59.37,B,"9,22,25,66,68,74,90"
16113,712,10.5469444444444,3.73994189798809,18,3.67,19.8,A,"22,66,68,74,90"
16113,713,82.2895238095238,18.6034184197177,21,46.395,124.1,B,"9,22,66,68,74,90"
16114,710,22.6600714285714,8.99391688082681,28,4.671,59.69,B,"13,34,35,65,66,72,75,94,95"
16114,711,36.1539285714286,17.6437063963019,28,1.114,112.21,B,"13,34,35,65,66,72,75,94,95"
16114,712,3.81569230769231,1.44720707010004,13,0.898,7.3,B,"65,66,72,94,95"
16114,713,60.6073571428571,27.4394418480091,28,6.883,179.2,B,"13,34,35,65,66,72,75,94,95"
16115,710,72.91835,19.0230495181993,60,18.2,130.918,B,"18,23,24,59,67,71,75,77,91,94"
16115,711,98.7748666666667,20.2085033055437,60,36.8,145.225,B,"18,23,24,59,67,71,75,77,91,94"
16115,712,16.11948,4.32774387688705,25,4.8,24.831,B,"18,23,67,71,91,94"
16115,713,178.103116666667,37.0612876454359,60,59.8,264.844,B,"18,23,24,59,67,71,75,77,91,94"
16115,714,0.0248,0.042954860027708,5,0,0.0744,,"24,59,77"
16115,715,0.010066666666667,0.017435978129527,5,0,0.0302,,"24,59,77"
16115,716,0,0,5,0,0,,"24,59,77"
16116,710,89.456,19.7161210383787,6,57,119.2,C,"3,13,62,66"
16116,711,85.118,21.3597176760368,6,70.736,126.9,C,"3,13,62,66"
16116,712,16.4,2.82842712474619,2,14.4,18.4,C,"3,66"
16116,713,165.040666666667,51.0312950030556,6,130,260.5,C,"3,13,62,66"
16117,710,64.5461206122449,20.1974644143058,49,22.6,149.6,B,"11,13,22,42,49,64,65,76,77,81,83,93,94,95"
16117,711,87.3129361772152,21.7960812139014,79,40.96,174.9,B,"11,13,14,22,42,49,64,65,76,77,81,83,93,94,95"
16117,712,15.0842618867521,11.7496278246735,27,2.70304976923077,59.3,B,"11,22,42,65,81,83,93,94,95"
16117,713,150.939937529435,41.0221092618703,49,73.721,324.4,B,"11,13,22,42,49,64,65,76,77,81,83,93,94,95"
16117,714,0,0,9,0,0,,"64,77"
16117,715,0,,4,0,0,,77
16117,716,0,,4,0,0,,77
16119,710,80.76830275,9.16800563888119,8,57.474,87.447318,C,"1,97"
16119,711,114.7081385,18.4185517286592,8,68.346,127.37512,C,"1,97"
16119,712,16.1233637142857,1.02295538236349,7,13.68672,16.605456,C,1
16119,713,209.5843845,32.7077956585186,8,125.82,225.153584,C,"1,97"
16119,715,0,,1,0,0,,97
16119,716,0,,1,0,0,,97
16120,715,0,,1,0,0,,97
16120,716,0.807142857142857,2.24926117295787,40,0,8,,"34,97"
16121,710,5.77757142857143,3.83137543720481,21,0.794,21.087,B,"13,67,75"
16121,711,5.26342857142857,1.77900643962997,21,1.287,10.728,B,"13,67,75"
16121,712,1.567,0,6,1.567,1.567,B,67
16121,713,11.4887142857143,5.50058453545009,21,2.081,31.815,B,"13,67,75"
16122,710,30.8088724489796,12.7260261573903,49,7.7,68.889,B,"1,3,11,12,13,19,23,67,84,93,94,95"
16122,711,57.2767071636364,14.1748323361657,55,27.174,105.1,B,"1,3,11,12,13,14,19,23,67,84,93,94,95"
16122,712,8.53632743223443,3.21537899489561,42,5.396,26.4,B,"1,3,11,12,19,67,93,94,95"
16122,713,91.0526407378336,25.9950983863099,49,46.5,199.25,B,"1,3,11,12,13,19,23,67,84,93,94,95"
16123,710,0.7847,0.300841734444663,50,0.02,2.3,B,"13,31,34,42,61,66,74,81,89,90,97"
16123,711,0.388107142857143,0.215217677106136,56,0,1.54,B,"13,25,31,34,42,61,66,74,81,89,90,97"
16123,712,0.137948717948718,0.072125983626574,39,0,0.45,B,"42,66,74,81,89,90"
16123,713,1.18478,0.398112902650922,50,0.13,2.8,B,"13,31,34,42,61,66,74,81,89,90,97"
16123,714,0,,1,0,0,,31
16123,715,0.001933333333333,0.0033486315613,3,0,0.0058,,"31,89,97"
16123,716,0.0168,0.028752738999963,3,0,0.05,,"31,89,97"
16125,710,0.1,,1,0.1,0.1,B,66
16125,711,0,,1,0,0,B,66
16125,712,0,,1,0,0,B,66
16125,713,0.1,,1,0.1,0.1,B,66
16126,710,12.3061046285714,4.71764121197155,105,0.9,48.59,B,"11,16,22,23,31,33,34,39,42,61,64,65,66,74,79,81,90,97,104"
16126,711,16.1040949074074,7.69737745498105,108,2.22,81.51,B,"11,16,22,23,25,31,33,34,39,42,61,64,65,66,74,79,81,90,97,104"
16126,712,2.7453286054945,1.28270765966708,70,0.566867711538461,12.2,B,"11,22,23,33,42,65,66,74,79,81,90,104"
16126,713,30.414916556044,13.2999769429336,105,3.12,142.3,B,"11,16,22,23,31,33,34,39,42,61,64,65,66,74,79,81,90,97,104"
16126,714,0,0,6,0,0,,"31,64"
16126,715,0,0,2,0,0,,"31,97"
16126,716,0.1125,0.159099025766973,2,0,0.225,,"31,97"
16127,710,9.48594444444445,2.1930062278019,18,3.437,14,B,"16,22,66,79,97"
16127,711,11.9060555555556,3.81650173307659,18,5.259,21.59,B,"16,22,66,79,97"
16127,712,1.68,0.531170092029537,13,1.03,3,B,"22,66,79"
16127,713,22.6075555555556,5.42911739370729,18,8.696,32.4,B,"16,22,66,79,97"
16127,715,0,,1,0,0,,97
16127,716,0,,1,0,0,,97
16128,710,29.58525,2.58296829410145,4,25.341,31,C,"74,97"
16128,711,51.03725,5.4092166908281,4,42.149,54,C,"74,97"
16128,712,3.44,0,3,3.44,3.44,C,74
16128,713,83.2025,9.56232298311103,4,67.49,88.44,C,"74,97"
16128,715,0,,1,0,0,,97
16128,716,0,,1,0,0,,97
16129,710,13.7969230769231,2.69727906833343,39,7.2,24.7,B,"22,23,34,66,74,79,90"
16129,711,18.4261538461538,4.67309449356088,39,8.3,35.1,B,"22,23,34,66,74,79,90"
16129,712,2.92882352941176,1.12549466947753,34,0.7,7.57,B,"22,23,66,74,79,90"
16129,713,34.7764102564102,7.32119669692897,39,16.2,65.1,B,"22,23,34,66,74,79,90"
16130,710,3.618,2.98123978684484,7,0.572,10.2,B,"66,74,94"
16130,711,4.46942857142857,2.86070500325466,7,1.952,11,B,"66,74,94"
16130,712,1.30342857142857,0.377979303324265,7,1.088,2.2,B,"66,74,94"
16130,713,9.39085714285714,6.20324473356402,7,3.612,23.4,B,"66,74,94"
16132,710,20.7162,9.0873120877408,5,3.581,25,C,"22,23,97"
16132,711,23.8316,10.5395679949417,5,3.958,28.8,C,"22,23,97"
16132,712,4.95,0.040824829046386,4,4.9,5,C,"22,23"
16132,713,48.5078,21.7270159888559,5,7.539,58.8,C,"22,23,97"
16132,715,0,,1,0,0,,97
16132,716,0,,1,0,0,,97
16139,714,0,,1,0,0,,31
16139,715,0.0006,0.000848528137424,2,0,0.0012,,"31,89"
16139,716,0.1155,0.162493138316669,2,0.0006,0.2304,,"31,89"
16147,712,0.54924,0.44969529157716,25,0,1.7,B,"22,66,81,89,91,99"
16147,714,0,,1,0,0,,31
16147,715,0.00095,0.001343502884254,2,0,0.0019,,"31,89"
16147,716,0.0001,0.000141421356237,2,0,0.0002,,"31,89"
16150,710,1.3,0.92736184954957,4,0,2.2,C,"89,91"
16150,711,0.685,0.667008245826092,4,0.04,1.6,C,"89,91"
16150,712,0.075,0.05,4,0,0.1,C,"89,91"
16150,713,2.085,1.62303214180537,4,0.04,4,C,"89,91"
16150,715,0.0007,,1,0.0007,0.0007,,89
16150,716,0.0001,,1,0.0001,0.0001,,89
16158,710,0,,1,0,0,D,89
16158,711,0.01,,1,0.01,0.01,D,89
16158,712,0,,1,0,0,D,89
16158,713,0.01,,1,0.01,0.01,D,89
16158,715,0.0034,,1,0.0034,0.0034,,89
16158,716,0,,1,0,0,,89
16159,710,8.225,1.23743686707646,2,7.35,9.1,B,66
16159,711,12.45,1.90918830920368,2,11.1,13.8,B,66
16159,712,1.95,0.353553390593274,2,1.7,2.2,B,66
16159,713,22.625,3.50017856687341,2,20.15,25.1,B,66
16162,710,12.42075,2.3556634327368,4,8.55,13.711,B,"13,66"
16162,711,16.9465,2.49305050757768,4,12.85,18.312,B,"13,66"
16162,712,2.4,,1,2.4,2.4,B,66
16162,713,29.96725,3.75326882530415,4,23.8,32.023,B,"13,66"
16168,710,3.4,1.4142135623731,2,2.4,4.4,C,"22,99"
16168,711,4.15,1.48492424049175,2,3.1,5.2,C,"22,99"
16168,712,0.25,0.353553390593274,2,0,0.5,C,"22,99"
16168,713,7.8,2.54558441227157,2,6,9.6,C,"22,99"
16173,710,4.35,,1,4.35,4.35,B,66
16173,711,9.35,,1,9.35,9.35,B,66
16173,712,0.9,,1,0.9,0.9,B,66
16173,713,14.6,,1,14.6,14.6,B,66
16174,710,13.115,8.67620020515894,2,6.98,19.25,C,"66,89"
16174,711,21.14,14.7219631843039,2,10.73,31.55,C,"66,89"
16174,712,1.385,1.15258405333407,2,0.57,2.2,C,"66,89"
16174,713,35.64,24.5507474427969,2,18.28,53,C,"66,89"
16174,715,0.0019,,1,0.0019,0.0019,,89
16174,716,0.0006,,1,0.0006,0.0006,,89
16229,710,1.00998839233894,,1,1.00998839233894,1.00998839233894,C,11
16229,711,1.5125,,1,1.5125,1.5125,C,11
16229,712,0.036636,,1,0.036636,0.036636,C,11
16229,713,2.55912439233894,,1,2.55912439233894,2.55912439233894,C,11
16230,710,0.29531824337396,,1,0.29531824337396,0.29531824337396,C,11
16230,711,0.40625,,1,0.40625,0.40625,C,11
16230,712,0,,1,0,0,C,11
16230,713,0.70156824337396,,1,0.70156824337396,0.70156824337396,C,11
16427,710,8.5557,3.32168555539035,10,1.151,14.6,B,"13,24,94,95"
16427,711,12.9902,4.18684201543624,10,2.892,18.662,B,"13,24,94,95"
16427,712,1.975,0.58502136713115,6,1.05,2.9,C,"94,95"
16427,713,22.7309,7.32702203293474,10,5.093,33.7,B,"13,24,94,95"
16427,714,0,,1,0,0,,24
16427,715,0,,1,0,0,,24
16427,716,0,,1,0,0,,24
16513,710,3.45,,1,3.45,3.45,B,66
16513,711,7.9,,1,7.9,7.9,B,66
16513,712,0.85,,1,0.85,0.85,B,66
16513,713,12.2,,1,12.2,12.2,B,66
16546,710,1.183,0,3,1.183,1.183,B,66
16546,711,2.45,0,3,2.45,2.45,B,66
16546,712,0.3,0,3,0.3,0.3,B,66
16546,713,3.933,0,3,3.933,3.933,B,66
16557,710,1.8,,1,1.8,1.8,C,91
16557,711,2.2,,1,2.2,2.2,C,91
16557,712,0.4,,1,0.4,0.4,C,91
16557,713,4.4,,1,4.4,4.4,C,91
18029,710,0,,1,0,0,C,91
18029,711,0,,1,0,0,C,91
18029,712,0,,1,0,0,C,91
18029,713,0,,1,0,0,C,91
18035,710,0.2,0.23094010767585,4,0,0.4,C,"89,91"
18035,711,0.15,0.173205080756888,4,0,0.3,C,"89,91"
18035,712,0,0,4,0,0,C,"89,91"
18035,713,0.3775,0.432078310803339,4,0,0.8,C,"89,91"
18035,715,0.0047,,1,0.0047,0.0047,,89
18035,716,0.0005,,1,0.0005,0.0005,,89
18037,710,0,,1,0,0,D,89
18037,711,0,,1,0,0,D,89
18037,712,0,,1,0,0,D,89
18037,713,0,,1,0,0,D,89
18037,715,0.0004,,1,0.0004,0.0004,,89
18037,716,0.0001,,1,0.0001,0.0001,,89
18060,710,0,,1,0,0,D,89
18060,711,0,,1,0,0,D,89
18060,712,0,,1,0,0,D,89
18060,713,0,,1,0,0,D,89
18060,715,0.0001,,1,0.0001,0.0001,,89
18060,716,0,,1,0,0,,89
18064,710,0,0,2,0,0,C,91
18064,711,0,0,2,0,0,C,91
18064,712,0,0,2,0,0,C,91
18064,713,0,0,2,0,0,C,91
18068,710,0.25,,1,0.25,0.25,B,49
18068,711,0.23,,1,0.23,0.23,B,49
18068,713,0.49,,1,0.49,0.49,B,49
18069,710,0.064,0.087330788767002,10,0,0.2,B,"42,49,89,91,99"
18069,711,0.126,0.168931281229315,10,0,0.5,B,"42,49,89,91,99"
18069,712,0,0,9,0,0,B,"42,89,91,99"
18069,713,0.189,0.250973659529796,10,0,0.7,B,"42,49,89,91,99"
18069,715,0.0006,,1,0.0006,0.0006,,89
18069,716,0.0001,,1,0.0001,0.0001,,89
18075,710,0,,1,0,0,D,89
18075,711,0,,1,0,0,D,89
18075,712,0,,1,0,0,D,89
18075,713,0,,1,0,0,D,89
18075,715,0.0003,,1,0.0003,0.0003,,89
18075,716,0.0001,,1,0.0001,0.0001,,89
18079,710,0.4,,1,0.4,0.4,C,91
18079,711,0.3,,1,0.3,0.3,C,91
18079,712,0,,1,0,0,C,91
18079,713,0.7,,1,0.7,0.7,C,91
18081,710,0.2,0.14142135623731,2,0.1,0.3,C,91
18081,711,0.2,0,2,0.2,0.2,C,91
18081,712,0,0,2,0,0,C,91
18081,713,0.4,0.14142135623731,2,0.3,0.5,C,91
18101,710,0,,1,0,0,D,89
18101,711,0,,1,0,0,D,89
18101,712,0,,1,0,0,D,89
18101,713,0,,1,0,0,D,89
18101,715,0.0002,,1,0.0002,0.0002,,89
18101,716,0.0001,,1,0.0001,0.0001,,89
18127,710,0.125,0.25,4,0,0.5,C,91
18127,711,0.15,0.238047614284762,4,0,0.5,C,91
18127,712,0,0,4,0,0,C,91
18127,713,0.275,0.485626742811115,4,0,1,C,91
18128,710,0,,1,0,0,C,91
18128,711,0,,1,0,0,C,91
18128,712,0,,1,0,0,C,91
18128,713,0,,1,0,0,C,91
18133,710,0.1,,1,0.1,0.1,C,99
18133,711,0.1,,1,0.1,0.1,C,99
18133,712,0,,1,0,0,C,99
18133,713,0.2,,1,0.2,0.2,C,99
18150,710,0.01,,1,0.01,0.01,B,49
18150,711,0.01,,1,0.01,0.01,B,49
18150,713,0.03,,1,0.03,0.03,B,49
18159,710,0,,1,0,0,D,89
18159,711,0,,1,0,0,D,89
18159,712,0,,1,0,0,D,89
18159,713,0,,1,0,0,D,89
18159,715,0.0006,,1,0.0006,0.0006,,89
18159,716,0.0008,,1,0.0008,0.0008,,89
18216,710,0.006,0.003366501646121,10,0,0.013,B,"49,59"
18216,711,0.0051,0.002574231276841,10,0,0.01,B,"49,59"
18216,713,0.0111,0.005125535202407,10,0,0.018,B,"49,59"
18216,714,0.001666666666667,0.002886751345948,9,0,0.005,,59
18216,715,0.003466666666667,0.001342882471899,9,0.0025,0.005,,59
18216,716,0.005,6.72124173945777E-11,9,0.005,0.005,,59
18217,710,0,,1,0,0,B,49
18217,711,0.01,,1,0.01,0.01,B,49
18217,713,0.01,,1,0.01,0.01,B,49
18248,710,2.58,1.33346666000067,7,1.06,4.7,B,"89,91"
18248,711,2.44,1.11379232055771,7,1.6,4.4,B,"89,91"
18248,712,0.291428571428571,0.166876058940817,7,0.04,0.5,B,"89,91"
18248,713,5.31,2.5695070863235,7,2.87,9.6,B,"89,91"
18248,715,0.0007,,1,0.0007,0.0007,,89
18248,716,0.0001,,1,0.0001,0.0001,,89
18249,710,1.9,0.282842712474619,2,1.7,2.1,C,91
18249,711,1.65,0.212132034355964,2,1.5,1.8,C,91
18249,712,0.2,0,2,0.2,0.2,C,91
18249,713,3.7,0.565685424949238,2,3.3,4.1,C,91
18250,710,0.5,,1,0.5,0.5,C,91
18250,711,0.5,,1,0.5,0.5,C,91
18250,712,0.1,,1,0.1,0.1,C,91
18250,713,1.1,,1,1.1,1.1,C,91
18255,710,0.3,,1,0.3,0.3,C,91
18255,711,0.2,,1,0.2,0.2,C,91
18255,712,0,,1,0,0,C,91
18255,713,0.6,,1,0.6,0.6,C,91
18290,710,0,,1,0,0,D,89
18290,711,0,,1,0,0,D,89
18290,712,0,,1,0,0,D,89
18290,713,0,,1,0,0,D,89
18290,715,0.0008,,1,0.0008,0.0008,,89
18290,716,0.0001,,1,0.0001,0.0001,,89
18301,710,0,,1,0,0,C,99
18301,711,0,,1,0,0,C,99
18301,712,0,,1,0,0,C,99
18301,713,0,,1,0,0,C,99
18326,710,0,,1,0,0,D,89
18326,711,0,,1,0,0,D,89
18326,712,0,,1,0,0,D,89
18326,713,0,,1,0,0,D,89
18326,715,0.0003,,1,0.0003,0.0003,,89
18326,716,0.0001,,1,0.0001,0.0001,,89
18342,710,0,,1,0,0,C,91
18342,711,0,,1,0,0,C,91
18342,712,0,,1,0,0,C,91
18342,713,0,,1,0,0,C,91
18356,710,0.7,0.14142135623731,2,0.6,0.8,C,91
18356,711,0.65,0.070710678118655,2,0.6,0.7,C,91
18356,712,0.1,0,2,0.1,0.1,C,91
18356,713,1.5,0.14142135623731,2,1.4,1.6,C,91
18364,710,0,0,2,0,0,C,31
18364,711,0,0,2,0,0,C,31
18364,713,0,0,2,0,0,C,31
18376,710,0,,1,0,0,C,91
18376,711,0,,1,0,0,C,91
18376,712,0,,1,0,0,C,91
18376,713,0,,1,0,0,C,91
19015,710,0.052,0,3,0.052,0.052,C,59
19015,711,0.078,0,3,0.078,0.078,C,59
19015,713,0.13,0,3,0.13,0.13,C,59
19015,714,0.0022,,3,0.0022,0.0022,,59
19015,715,0.0041,,3,0.0041,0.0041,,59
19015,716,0.005,,3,0.005,0.005,,59
19016,710,0,,1,0,0,D,89
19016,711,0,,1,0,0,D,89
19016,712,0,,1,0,0,D,89
19016,713,0.01,,1,0.01,0.01,D,89
19016,715,0.0004,,1,0.0004,0.0004,,89
19016,716,0,,1,0,0,,89
19033,710,0,,1,0,0,C,91
19033,711,0,,1,0,0,C,91
19033,712,0,,1,0,0,C,91
19033,713,0,,1,0,0,C,91
19042,710,0,,1,0,0,C,91
19042,711,0,,1,0,0,C,91
19042,712,0,,1,0,0,C,91
19042,713,0,,1,0,0,C,91
19056,710,0,,1,0,0,D,31
19056,711,0,,1,0,0,D,31
19056,713,0,,1,0,0,D,31
19205,710,0,,1,0,0,C,99
19205,711,0,,1,0,0,C,99
19205,712,0,,1,0,0,C,99
19205,713,0,,1,0,0,C,99
19218,710,0,,1,0,0,B,49
19218,711,0,,1,0,0,B,49
19218,713,0,,1,0,0,B,49
19314,710,0,0,2,0,0,B,51
19314,711,0,0,2,0,0,B,51
19314,713,0,0,2,0,0,B,51
19411,710,0,,1,0,0,D,31
19411,711,0,,1,0,0,D,31
19411,713,0,,1,0,0,D,31
20005,710,0,,1,0,0,B,49
20005,711,0.01,,1,0.01,0.01,B,49
20005,713,0.01,,1,0.01,0.01,B,49
20016,710,0.01,,1,0.01,0.01,B,49
20016,711,0.01,,1,0.01,0.01,B,49
20016,713,0.01,,1,0.01,0.01,B,49
20020,710,0.01,,1,0.01,0.01,B,49
20020,711,0.01,,1,0.01,0.01,B,49
20020,713,0.02,,1,0.02,0.02,B,49
20029,710,0.01,,1,0.01,0.01,D,89
20029,711,0,,1,0,0,D,89
20029,712,0,,1,0,0,D,89
20029,713,0.01,,1,0.01,0.01,D,89
20029,715,0.0003,,1,0.0003,0.0003,,89
20029,716,0.0001,,1,0.0001,0.0001,,89
20036,710,0.03,0.042426406871193,2,0,0.06,C,"31,49"
20036,711,0.035,0.049497474683058,2,0,0.07,C,"31,49"
20036,713,0.065,0.091923881554251,2,0,0.13,C,"31,49"
20037,710,0,,1,0,0,B,49
20037,711,0,,1,0,0,B,49
20037,713,0.01,,1,0.01,0.01,B,49
20038,710,0,0,2,0,0,B,49
20038,711,0,0,2,0,0,B,49
20038,713,0,0,2,0,0,B,49
20044,710,0,0,2,0,0,C,"31,49"
20044,711,0,0,2,0,0,C,"31,49"
20044,713,0,0,2,0,0,C,"31,49"
20045,710,0,,1,0,0,B,49
20045,711,0,,1,0,0,B,49
20045,713,0.01,,1,0.01,0.01,B,49
20047,710,0,,1,0,0,D,89
20047,711,0,,1,0,0,D,89
20047,712,0,,1,0,0,D,89
20047,713,0,,1,0,0,D,89
20047,715,0.0001,,1,0.0001,0.0001,,89
20047,716,0,,1,0,0,,89
20066,710,0.01,,1,0.01,0.01,B,49
20066,711,0.02,,1,0.02,0.02,B,49
20066,713,0.02,,1,0.02,0.02,B,49
20077,710,0,,1,0,0,B,49
20077,711,0,,1,0,0,B,49
20077,713,0,,1,0,0,B,49
20080,710,0,,1,0,0,B,49
20080,711,0.01,,1,0.01,0.01,B,49
20080,713,0.02,,1,0.02,0.02,B,49
20081,710,0,,1,0,0,B,49
20081,711,0,,1,0,0,B,49
20081,713,0,,1,0,0,B,49
20088,710,0,,1,0,0,D,31
20088,711,0,,1,0,0,D,31
20088,713,0,,1,0,0,D,31
20095,710,0,,1,0,0,B,49
20095,711,0.01,,1,0.01,0.01,B,49
20095,713,0.01,,1,0.01,0.01,B,49
20100,710,0,,1,0,0,B,49
20100,711,0,,1,0,0,B,49
20100,713,0,,1,0,0,B,49
20109,710,0.01,,1,0.01,0.01,B,49
20109,711,0.01,,1,0.01,0.01,B,49
20109,713,0.02,,1,0.02,0.02,B,49
20110,710,0,,1,0,0,B,49
20110,711,0,,1,0,0,B,49
20110,713,0.01,,1,0.01,0.01,B,49
20120,710,0.01,,1,0.01,0.01,B,49
20120,711,0.01,,1,0.01,0.01,B,49
20120,713,0.01,,1,0.01,0.01,B,49
20121,710,0,,1,0,0,B,49
20121,711,0.01,,1,0.01,0.01,B,49
20121,713,0.01,,1,0.01,0.01,B,49
20124,710,0.005,0.007071067811865,2,0,0.01,B,49
20124,711,0.01,0,2,0.01,0.01,B,49
20124,713,0.015,0.007071067811865,2,0.01,0.02,B,49
20125,710,0,,1,0,0,B,49
20125,711,0,,1,0,0,B,49
20125,713,0,,1,0,0,B,49
21322,710,4.4,,1,4.4,4.4,C,91
21322,711,0.9,,1,0.9,0.9,C,91
21322,712,0.7,,1,0.7,0.7,C,91
21322,713,6,,1,6,6,C,91
22116,710,1.35,,1,1.35,1.35,B,66
22116,711,2,,1,2,2,B,66
22116,712,0.4,,1,0.4,0.4,B,66
22116,713,3.75,,1,3.75,3.75,B,66
22122,710,2,,1,2,2,C,91
22122,711,2.3,,1,2.3,2.3,C,91
22122,712,0.3,,1,0.3,0.3,C,91
22122,713,4.6,,1,4.6,4.6,C,91
22126,710,1,,1,1,1,B,66
22126,711,2.05,,1,2.05,2.05,B,66
22126,712,0.3,,1,0.3,0.3,B,66
22126,713,3.35,,1,3.35,3.35,B,66
22518,710,0,,1,0,0,C,91
22518,711,0,,1,0,0,C,91
22518,712,0,,1,0,0,C,91
22518,713,0,,1,0,0,C,91
22720,710,1.9,,1,1.9,1.9,C,91
22720,711,1.2,,1,1.2,1.2,C,91
22720,712,0.2,,1,0.2,0.2,C,91
22720,713,3.3,,1,3.3,3.3,C,91
22903,710,0.01,,1,0.01,0.01,D,89
22903,711,0.01,,1,0.01,0.01,D,89
22903,712,0,,1,0,0,D,89
22903,713,0.01,,1,0.01,0.01,D,89
22903,715,0.0002,,1,0.0002,0.0002,,89
22903,716,0.0001,,1,0.0001,0.0001,,89
22904,710,1.25,1.48211560502771,4,0,3.4,C,91
22904,711,1.025,0.977667291737498,4,0.1,2.4,C,91
22904,712,0.15,0.173205080756888,4,0,0.4,C,91
22904,713,2.425,2.5708299567779,4,0.1,6.1,C,91
22910,710,0,,1,0,0,D,89
22910,711,0,,1,0,0,D,89
22910,712,0,,1,0,0,D,89
22910,713,0,,1,0,0,D,89
22910,715,0.0003,,1,0.0003,0.0003,,89
22910,716,0,,1,0,0,,89
22911,710,1,0.818535277187245,3,0.1,1.7,C,91
22911,711,1.1,0.6557438524302,3,0.4,1.7,C,91
22911,712,0.166666666666667,0.152752523165195,3,0,0.3,C,91
22911,713,2.2,1.57162336455017,3,0.5,3.6,C,91
22932,710,0.2,,1,0.2,0.2,C,91
22932,711,0.3,,1,0.3,0.3,C,91
22932,712,0,,1,0,0,C,91
22932,713,0.6,,1,0.6,0.6,C,91
23501,710,0.67,0.329013677527242,5,0.3,1.05,B,66
23501,711,1.09,0.417432629294836,5,0.5,1.65,B,66
23501,712,0.1,0.070710678118655,5,0,0.2,B,66
23501,713,1.86,0.777335191535801,5,0.9,2.9,B,66
23506,710,0.35,0.16583123951777,5,0.2,0.55,B,66
23506,711,0.77,0.275227178890458,5,0.35,1.1,B,66
23506,712,0.02,0.044721359549996,5,0,0.1,B,66
23506,713,1.14,0.456070170039655,5,0.55,1.75,B,66
23567,710,0,,1,0,0,D,31
23567,711,0,,1,0,0,D,31
23567,713,0,,1,0,0,D,31
25013,710,0.1,,1,0.1,0.1,C,91
25013,711,0,,1,0,0,C,91
25013,712,0,,1,0,0,C,91
25013,713,0.1,,1,0.1,0.1,C,91
25017,710,1.8,,1,1.8,1.8,D,31
25017,711,3.27,,1,3.27,3.27,D,31
25017,713,5.07,,1,5.07,5.07,D,31
25017,714,0,,1,0,0,,31
25017,715,0,,1,0,0,,31
25017,716,0.087,,1,0.087,0.087,,31
42178,710,5.5,0,5,5.5,5.5,C,"64,"
42178,711,11.3,0,5,11.3,11.3,C,"64,"
42178,713,16.8,0,5,16.8,16.8,C,"64,"
42178,714,0,,5,0,0,,64
42237,710,0,,1,0,0,B,49
42237,711,0,,1,0,0,B,49
42237,713,0,,1,0,0,B,49
42299,710,0,,1,0,0,B,66
42299,711,0,,1,0,0,B,66
42299,712,0,,1,0,0,B,66
42299,713,0,,1,0,0,B,66
43130,710,5.78,0,6,5.78,5.78,C,81
43130,711,6.43,0,6,6.43,6.43,C,81
43130,712,0.06,0,6,0.06,0.06,C,81
43130,713,12.27,7.94410929039127E-16,6,12.27,12.27,C,81
43212,710,64.3666666666667,23.3481500575765,3,49.6,93.9,C,91
43212,711,45.7666666666667,0.105409255338942,3,45.7,45.9,C,91
43212,712,8.33333333333333,1.31761569173682,3,7.5,10,C,91
43212,713,118.5,24.8238796323218,3,102.8,149.9,C,91
43476,710,5.7,0,3,5.7,5.7,C,95
43476,711,9.4,0,3,9.4,9.4,C,95
43476,712,1.2,0,3,1.2,1.2,C,95
43476,713,16.3,0,3,16.3,16.3,C,95
43528,710,0.2,0.14142135623731,2,0.1,0.3,C,91
43528,711,0.35,0.212132034355964,2,0.2,0.5,C,91
43528,712,0,0,2,0,0,C,91
43528,713,0.6,0.282842712474619,2,0.4,0.8,C,91
97068,710,0,,1,0,0,B,51
97068,711,0,,1,0,0,B,51
97068,713,0,,1,0,0,B,51
97069,710,0,,1,0,0,B,51
97069,711,0,,1,0,0,B,51
97069,713,0,,1,0,0,B,51
97070,710,0,,1,0,0,B,51
97070,711,0,,1,0,0,B,51
97070,713,0,,1,0,0,B,51
99001,710,0.008,0,3,0.008,0.008,C,59
99001,711,0.01,0,3,0.01,0.01,C,59
99001,713,0.018,0,3,0.018,0.018,C,59
99001,714,0,,3,0,0,,59
99001,715,0.0024,,3,0.0024,0.0024,,59
99001,716,0,,3,0,0,,59
99002,710,29.8404285714286,12.5896840734002,7,20.752,59.3,B,"13,50"
99002,711,39.996,11.4562441343866,7,33.687,67.2,B,"13,50"
99002,713,69.8364285714286,24.0139689391588,7,54.439,126.5,B,"13,50"
99003,710,0,0,2,0,0,B,66
99003,711,0,0,2,0,0,B,66
99003,712,0,0,2,0,0,B,66
99003,713,0,0,2,0,0,B,66
99008,710,0,,1,0,0,C,24
99008,711,1.29,,1,1.29,1.29,C,24
99008,713,1.29,,1,1.29,1.29,C,24
99008,714,0,,1,0,0,,24
99008,715,0.21,,1,0.21,0.21,,24
99008,716,0,,1,0,0,,24
99009,710,0.035,0.049497474683058,2,0,0.07,C,"24,31"
99009,711,0.21,0.197989898732233,2,0.07,0.35,C,"24,31"
99009,713,0.245,0.148492424049175,2,0.14,0.35,C,"24,31"
99009,714,0.5955,0.219910208949016,2,0.44,0.751,,"24,31"
99009,715,3.14995,1.23029508858647,2,2.28,4.0199,,"24,31"
99009,716,14.07885,19.7723319475726,2,0.0977,28.06,,"24,31"
99010,710,0.002,0,3,0.002,0.002,C,59
99010,711,0.002,0,3,0.002,0.002,C,59
99010,713,0.004,0,3,0.004,0.004,C,59
99010,714,0,,3,0,0,,59
99010,715,0.005,,3,0.005,0.005,,59
99010,716,0,,3,0,0,,59
99014,710,1.897,0.982203441248299,6,0.344,3.45,C,"13,"
99014,711,2.8125,0.656172614484939,6,1.775,3.85,C,"13,"
99014,713,4.7135,1.64090587786137,6,2.119,7.308,C,"13,"
99018,710,40.0725,8.22769600906882,18,29.5,70,B,"13,95,101,"
99018,711,62.175,3.68756854372985,18,55,73.15,B,"13,95,101,"
99018,712,10.9,0.147709789175199,12,10.5,11.1,B,"95,"
99018,713,109.514166666667,5.46428522225882,18,100.1,125,B,"13,95,101,"
99019,710,0,,1,0,0,C,24
99019,711,0.64,,1,0.64,0.64,C,24
99019,713,0.64,,1,0.64,0.64,C,24
99019,714,1.26,,1,1.26,1.26,,24
99019,715,0,,1,0,0,,24
99019,716,6.13,,1,6.13,6.13,,24
99020,710,0.018,0,3,0.018,0.018,C,59
99020,711,0.029,0,3,0.029,0.029,C,59
99020,713,0.047,4.9065389333868E-18,3,0.047,0.047,C,59
99020,714,0.0359,,3,0.0359,0.0359,,59
99020,715,0.0075,,3,0.0075,0.0075,,59
99020,716,0,,3,0,0,,59
99021,710,0,,1,0,0,C,56
99021,711,0,,1,0,0,C,56
99021,713,0,,1,0,0,C,56
99026,710,0,0,2,0,0,C,"24,31,"
99026,711,0.155,0.21920310216783,2,0,0.31,C,"24,31,"
99026,713,0.155,0.21920310216783,2,0,0.31,C,"24,31,"
99026,714,0,,1,0,0,,24
99026,715,0,,1,0,0,,24
99026,716,0.0656,,1,0.0656,0.0656,,24
99029,710,0,0,2,0,0,B,51
99029,711,0,0,2,0,0,B,51
99029,713,0,0,2,0,0,B,51
99030,710,29.0893103448276,12.7018090088029,58,9.891,87.42,B,"5,27,"
99030,711,67.5668448275862,13.6930553429652,58,25.88,110.981,B,"5,27,"
99030,712,13.0957142857143,3.58111223437144,14,4.56,20.49,B,"27,"
99030,713,99.8171896551724,21.224501153708,58,42.538,188,B,"5,27,"
99034,710,12.18,1.91094217599591,5,9,14.3,C,"23,95,"
99034,711,21.12,1.15377640814848,5,19.2,22.4,C,"23,95,"
99034,712,2.3,0,3,2.3,2.3,C,"95,"
99034,713,34.68,3.89399537750111,5,28.2,39,C,"23,95,"
99035,710,37.4653,24.3693741314107,10,13.92,88.039,C,"18,20,38,80,84,"
99035,711,91.2222,41.8543458035124,10,44.405,156.062,C,"18,20,38,80,84,"
99035,712,14.2345,17.7137319755042,2,1.709,26.76,C,"18,80,"
99035,713,131.5344,64.6409488413928,10,61.343,244.101,C,"18,20,38,80,84,"
99036,710,21.7458888888889,23.0265443297526,9,7.01,74.353,B,"18,42,81,86,"
99036,711,39.5668888888889,43.8210515043925,9,13.19,131.962,B,"18,42,81,86,"
99036,712,1.124125,0.347467942380506,8,0.92,1.9,B,"18,42,81,"
99036,713,62.312,67.0689892275111,9,21.12,207.888,B,"18,42,81,86,"
99038,710,19.7137575757576,5.32372948557847,33,2.996,27.6,B,"13,34,91,95,97,"
99038,711,17.7933939393939,5.74632025319245,33,0.309,29.975,B,"13,34,91,95,97,"
99038,712,6.05,3.01247406627841,4,1.1,7.7,B,"91,95,"
99038,713,38.2404848484849,11.2481697489663,33,3.305,59.4,B,"13,34,91,95,97,"
99038,715,0,0,2,0,0,,97
99038,716,0,0,2,0,0,,97
99040,710,41.3232258064516,21.2251688555085,31,3.31,117.29,B,"24,33,39,52,98,"
99040,711,55.0903225806452,19.0644229246489,31,5.56,110.92,B,"24,33,39,52,98,"
99040,713,108.081290322581,38.1951702820589,31,10.04,207.04,B,"24,33,39,52,98,"
99040,714,0,0,4,0,0,,"24,73"
99040,715,0,0,4,0,0,,"24,73"
99040,716,0,0,4,0,0,,"24,73"
99041,710,1.82857142857143,0.926554586282181,7,0.2,3.4,B,"22,95,"
99041,711,2.11428571428571,1.06652847744319,7,0.5,4,B,"22,95,"
99041,712,2.92857142857143,0.489342193472957,7,1.9,3.5,B,"22,95,"
99041,713,6.87142857142857,2.27573715350361,7,3.4,10.9,B,"22,95,"
99042,710,5.79325,6.4066646959854,8,0,21.1,B,"13,23,34,"
99042,711,11.14375,11.3059884080928,8,1.95,38.2,B,"13,23,34,"
99042,713,25.7192,20.1795493785169,5,3.332,59.3,C,"13,23,"
99043,710,2.7514,1.23273798108114,5,0.7,4.119,C,"16,75,"
99043,711,5.1,1.80277563773199,5,2.1,7.1,C,"16,75,"
99043,713,7.8514,3.03551361881313,5,2.8,11.219,C,"16,75,"
99044,710,0,,1,0,0,C,56
99044,711,0,,1,0,0,C,56
99044,713,0,,1,0,0,C,56
99045,710,18.8,1.40721355877493,6,16.575,21.025,B,"13,67,"
99045,711,21.683,2.89285160352203,6,17.109,26.257,B,"13,67,"
99045,712,7.896,0,3,7.896,7.896,B,"67,"
99045,713,44.431,3.98257248521606,6,38.134,50.728,B,"13,67,"
99047,710,0,0,3,0,0,C,"31,51,89,"
99047,711,0,0,3,0,0,C,"31,51,89,"
99047,712,0,,1,0,0,C,89
99047,713,0,0,3,0,0,C,"31,51,89,"
99047,715,0.0001,,1,0.0001,0.0001,,89
99047,716,0.0001,,1,0.0001,0.0001,,89
99048,710,0,,1,0,0,B,51
99048,711,0,,1,0,0,B,51
99048,713,0,,1,0,0,B,51
99049,710,0.9,0,3,0.9,0.9,C,"95,"
99049,711,3.7,3.14018491736755E-16,3,3.7,3.7,C,"95,"
99049,712,3.9,0,3,3.9,3.9,C,"95,"
99049,713,8.5,0,3,8.5,8.5,C,"95,"
99052,710,0,,1,0,0,B,51
99052,711,0,,1,0,0,B,51
99052,713,0,,1,0,0,B,51
99053,710,80.0314210526316,21.2751187476988,19,16.1,116,B,"22,23,74,90,97,"
99053,711,101.395052631579,21.9846622905644,19,23.6,131.7,B,"22,23,74,90,97,"
99053,712,15.4327777777778,2.9888174451456,18,4.09,18.4,B,"22,23,74,90,"
99053,713,196.047,46.5495346563445,19,43.79,266.1,B,"22,23,74,90,97,"
99053,715,0,,1,0,0,,97
99053,716,0,,1,0,0,,97
99054,710,1.14,0.638122245341753,5,0.3,2.1,B,"22,95,"
99054,711,2.6,1.30192165662915,5,0.3,3.6,B,"22,95,"
99054,712,2.28,1.05726061120237,5,0.3,3,B,"22,95,"
99054,713,6.02,2.69458716689589,5,0.9,7.7,B,"22,95,"
99056,710,1.5,0,3,1.5,1.5,C,"95,"
99056,711,0.8,7.85046229341888E-17,3,0.8,0.8,C,"95,"
99056,712,4.1,0,3,4.1,4.1,C,"95,"
99056,713,6.4,6.2803698347351E-16,3,6.4,6.4,C,"95,"
99060,710,38.248,18.8076233001408,11,16.675,91.05,B,"13,67,"
99060,711,52.8097272727273,8.35057149021689,11,40.288,75.948,B,"13,67,"
99060,712,4.935125,0.490090630284703,8,4.268,6.047,B,"67,"
99060,713,94.6469090909091,25.7464352316751,11,61.231,166.998,B,"13,67,"
99063,710,0.14,0,2,0.14,0.14,C,"16,"
99063,711,0.4,0,2,0.4,0.4,C,"16,"
99063,713,0.54,0,2,0.54,0.54,C,"16,"
99064,710,0.21,0.206801031589948,4,0.02,0.5,C,"16,91,"
99064,711,0.33,0.315541861987703,4,0.06,0.8,C,"16,91,"
99064,712,0.1,0,2,0.1,0.1,C,91
99064,713,0.565,0.562931316118287,4,0.08,1.4,C,"16,91,"
99065,710,0.03,0,2,0.03,0.03,C,"16,"
99065,711,0.31,0,2,0.31,0.31,C,"16,"
99065,713,0.34,0,2,0.34,0.34,C,"16,"
99070,710,0,,1,0,0,C,89
99070,711,0,,1,0,0,C,89
99070,712,0,,1,0,0,C,89
99070,713,0,,1,0,0,C,89
99070,715,0.0001,,1,0.0001,0.0001,,89
99070,716,0.0003,,1,0.0003,0.0003,,89
99072,710,26.71,2.51214793389404E-15,3,26.71,26.71,C,"13,"
99072,711,27.45,0,3,27.45,27.45,C,"13,"
99072,713,54.16,0,3,54.16,54.16,C,"13,"
99073,710,0,,1,0,0,D,89
99073,711,0.01,,1,0.01,0.01,D,89
99073,712,0,,1,0,0,D,89
99073,713,0.01,,1,0.01,0.01,D,89
99073,715,0.0006,,1,0.0006,0.0006,,89
99073,716,0.0001,,1,0.0001,0.0001,,89
99080,710,67.6856740571429,19.2506652483844,35,24.8,123.247,B,"11,28,42,50,65,67,75,83,86,91,95,"
99080,711,89.4187645714286,26.957194903738,35,33.5,150,B,"11,28,42,50,65,67,75,83,86,91,95,"
99080,712,20.0168795947293,6.76771891108153,27,3.9,30.3,B,"11,28,42,65,67,83,91,95,"
99080,713,172.547745744506,50.0096594996845,35,68.6,295.545,B,"11,28,42,50,65,67,75,83,86,91,95,"
99081,710,6.4,6.2803698347351E-16,3,6.4,6.4,C,"95,"
99081,711,19.6,0,3,19.6,19.6,C,"95,"
99081,712,3,0,3,3,3,C,"95,"
99081,713,29,0,3,29,29,C,"95,"
99084,710,8,,1,8,8,B,66
99084,711,12.75,,1,12.75,12.75,B,66
99084,712,1.95,,1,1.95,1.95,B,66
99084,713,22.7,,1,22.7,22.7,B,66
99085,710,12.8,0,2,12.8,12.8,B,66
99085,711,16.15,0,2,16.15,16.15,B,66
99085,712,2.4,0,2,2.4,2.4,B,66
99085,713,31.35,0,2,31.35,31.35,B,66
99086,710,8.59,0,2,8.59,8.59,C,"16,"
99086,711,20.65,0,2,20.65,20.65,C,"16,"
99086,713,29.24,0,2,29.24,29.24,C,"16,"
99092,710,45.9514285714286,22.467574306945,49,7.45,113.8,B,"24,61,62,73,74,96,102,"
99092,711,74.3255769230769,23.5577351412483,52,13,156.7,B,"24,25,61,62,73,74,96,102,"
99092,712,9.01083333333333,3.21069859628562,36,2.7,20.4,B,"73,74,96,"
99092,713,130.651836734694,41.1714344265894,49,34.22,253.09,B,"24,61,62,73,74,96,102,"
99092,714,0,0,13,0,0,,"24,73"
99092,715,0,0,13,0,0,,"24,73"
99092,716,0,0,13,0,0,,73
99093,710,78.8596815286624,19.7215578724574,314,7.51,144.92,C,"9,10,40,41,48,73,74,103,"
99093,711,89.3178025477707,24.6788654650853,314,10.13,221.85,C,"9,10,40,41,48,73,74,103,"
99093,712,18.7639325842697,7.12771616207689,178,1.25,47.82,C,"40,41,48,73,74,103,"
99093,713,178.813885350319,47.1642865384876,314,20.02,380.9,C,"9,10,40,41,48,73,74,103,"
99093,714,0,,3,0,0,,73
99093,715,0,,3,0,0,,73
99093,716,0,,3,0,0,,73
99096,710,17.8090909090909,2.97732754980754,11,10.1,23.2,B,"22,23,"
99096,711,25.1545454545455,5.31037422223381,11,10.5,32.5,B,"22,23,"
99096,712,2.68571428571429,0.554051251343814,7,1.6,3.5,B,22
99096,713,44.6727272727273,8.11530234996854,11,22.2,55.5,B,"22,23,"
99097,710,15.5888888888889,2.15642459403868,18,13.6,23.8,B,"22,23,34,"
99097,711,16.0111111111111,2.35176967931516,18,13.9,25,B,"22,23,34,"
99097,712,2.76666666666667,0.854586133937042,15,2,5.7,B,"22,23,"
99097,713,33.9055555555556,5.37577560228021,18,29.5,54.5,B,"22,23,34,"
99100,710,61.6958666666667,5.8369281573145,15,53.69,75.348,B,"68,73,74,95,"
99100,711,60.0686666666667,12.1331689078341,15,33.5,91.724,B,"68,73,74,95,"
99100,712,7.0656,3.60451231811303,15,3.87,19.688,B,"68,73,74,95,"
99100,713,128.830133333333,18.6597508856268,15,100.93,186.76,B,"68,73,74,95,"
99100,714,0,,3,0,0,,73
99100,715,0,,3,0,0,,73
99100,716,0,,3,0,0,,73
99105,710,0.217,,1,0.217,0.217,B,"68,"
99105,711,0.299,,1,0.299,0.299,B,"68,"
99105,712,0.051,,1,0.051,0.051,B,"68,"
99105,713,0.567,,1,0.567,0.567,B,"68,"
99106,710,0.011,,1,0.011,0.011,C,"58,"
99106,711,0.034,,1,0.034,0.034,C,"58,"
99106,713,0.045,,1,0.045,0.045,C,"58,"
99106,716,0.029,,1,0.029,0.029,,58
99107,710,0.005,0.007071067811865,2,0,0.01,C,"31,58,"
99107,711,0.0175,0.024748737341529,2,0,0.035,C,"31,58,"
99107,713,0.0225,0.031819805153395,2,0,0.045,C,"31,58,"
99107,716,0.032,,1,0.032,0.032,,58
99111,710,0.4,,1,0.4,0.4,C,91
99111,711,0.6,,1,0.6,0.6,C,91
99111,712,0,,1,0,0,C,91
99111,713,1,,1,1,1,C,91
99337,710,0,,1,0,0,C,56
99337,711,0,,1,0,0,C,56
99337,713,0,,1,0,0,C,56
99395,710,0,,1,0,0,B,51
99395,711,0,,1,0,0,B,51
99395,713,0,,1,0,0,B,51
99423,710,0.01,,1,0.01,0.01,C,89
99423,711,0.03,,1,0.03,0.03,C,89
99423,712,0,,1,0,0,C,89
99423,713,0.04,,1,0.04,0.04,C,89
99423,715,0.0006,,1,0.0006,0.0006,,89
99423,716,0.0001,,1,0.0001,0.0001,,89
99457,714,0,,4,0,0,C,"73, 76b"
99457,715,0,,4,0,0,C,"73, 76b"
99457,716,0,,4,0,0,C,"73, 76b"
99468,710,0.5,0,2,0.5,0.5,C,91
99468,711,0.5,0,2,0.5,0.5,C,91
99468,712,0.05,0.070710678118655,2,0,0.1,C,91
99468,713,1.05,0.070710678118655,2,1,1.1,C,91
99469,710,0,0,3,0,0,B,50
99469,711,0,0,3,0,0,B,50
99469,713,0,0,3,0,0,B,50
99470,710,0,,1,0,0,B,50
99470,711,0,,1,0,0,B,50
99470,713,0,,1,0,0,B,50
99471,710,1.8,,1,1.8,1.8,C,22
99471,711,4.4,,1,4.4,4.4,C,22
99471,712,1.7,,1,1.7,1.7,C,22
99471,713,7.9,,1,7.9,7.9,C,22
99472,710,5.75,5.72756492761104,2,1.7,9.8,C,22
99472,711,8.7,8.9095454429505,2,2.4,15,C,22
99472,712,3.5,2.54558441227157,2,1.7,5.3,C,22
99472,713,17.95,17.1826947828331,2,5.8,30.1,C,22
99474,710,0.155,0.190918830920368,2,0.02,0.29,C,"31,89,"
99474,711,0.31,0.410121933088198,2,0.02,0.6,C,"31,89,"
99474,712,0,,1,0,0,C,89
99474,713,0.47,0.5939696961967,2,0.05,0.89,C,"31,89,"
99474,714,0,,1,0,0,,31
99474,715,0.94595,0.773786950652439,2,0.3988,1.4931,,"31,89"
99474,716,0.0019,0.002687005768509,2,0,0.0038,,"31,89"
99475,710,0,0,2,0,0,C,91
99475,711,0,0,2,0,0,C,91
99475,712,0,0,2,0,0,C,91
99475,713,0,0,2,0,0,C,91
99476,710,0.45,0.070710678118655,2,0.4,0.5,C,91
99476,711,0.35,0.070710678118655,2,0.3,0.4,C,91
99476,712,0.05,0.070710678118655,2,0,0.1,C,91
99476,713,0.9,0.14142135623731,2,0.8,1,C,91
99477,710,0,,1,0,0,B,49
99477,711,0,,1,0,0,B,49
99477,713,0,,1,0,0,B,49
99478,710,0,,1,0,0,B,49
99478,711,0.01,,1,0.01,0.01,B,49
99478,713,0.01,,1,0.01,0.01,B,49
99479,710,0.01,,1,0.01,0.01,B,49
99479,711,0.02,,1,0.02,0.02,B,49
99479,713,0.03,,1,0.03,0.03,B,49
99480,710,0,,1,0,0,B,49
99480,711,0,,1,0,0,B,49
99480,713,0,,1,0,0,B,49
99481,710,0,,1,0,0,B,49
99481,711,0,,1,0,0,B,49
99481,713,0,,1,0,0,B,49
99482,710,0,,1,0,0,B,49
99482,711,0,,1,0,0,B,49
99482,713,0,,1,0,0,B,49
99483,710,0.01,,1,0.01,0.01,B,49
99483,711,0.01,,1,0.01,0.01,B,49
99483,713,0.02,,1,0.02,0.02,B,49
99484,710,0,,1,0,0,B,49
99484,711,0,,1,0,0,B,49
99484,713,0,,1,0,0,B,49
99485,710,1.4,1.34412301024373,4,0.2,2.8,C,91
99485,711,2.575,2.52768009579272,4,0.4,5.1,C,91
99485,712,0.275,0.320156211871642,4,0,0.6,C,91
99485,713,4.325,4.15722263055516,4,0.7,8.5,C,91
99486,710,0.287276,0.251575552796769,9,0.01,0.8,C,"2,82,"
99486,711,0.297916666666667,0.169973700988646,9,0.0375,0.6,C,"2,82,"
99486,712,0.003333333333333,0.005773502691896,3,0,0.01,C,2
99486,713,0.586303777777778,0.415909221002984,9,0.089712,1.4,C,"2,82,"
99486,714,0,0,3,0,0,,2
99486,715,0,0,3,0,0,,2
99486,716,0.013333333333333,0.01527525231652,3,0,0.03,,2
99488,710,53.3754545454545,13.8876458792587,22,24.4,96,B,"9,73,74,104"
99488,711,57.9831818181818,5.60050920233709,22,43.35,72.3,B,"9,73,74,104"
99488,712,11.7053846153846,2.3464525661028,13,5.56,15.08,B,"73,74,104"
99488,713,118.275454545455,21.2010077318723,22,77.67,182.8,B,"9,73,74,104"
99488,714,0,,3,0,0,,73
99488,715,0,,3,0,0,,73
99488,716,0,,3,0,0,,73
99489,710,0,,1,0,0,B,50
99489,711,0.01,,1,0.01,0.01,B,50
99489,713,0.01,,1,0.01,0.01,B,50
99490,710,0,,1,0,0,B,50
99490,711,0,,1,0,0,B,50
99490,713,0,,1,0,0,B,50
99491,710,0.425,0.287228132326901,4,0,0.6,C,91
99491,711,0.375,0.262995563967658,4,0,0.6,C,91
99491,712,0.075,0.05,4,0,0.1,C,91
99491,713,0.825,0.556027577253743,4,0,1.2,C,91
99492,710,0.054,0.067985292527134,5,0,0.17,B,"50,73,"
99492,711,0.07,0.090829510622925,5,0,0.23,B,"50,73,"
99492,712,0,0,3,0,0,C,73
99492,713,0.122,0.155170873555574,5,0,0.39,B,"50,73,"
99492,714,0,,3,0,0,,73
99492,715,0,,3,0,0,,73
99492,716,0,,3,0,0,,73
99493,710,0.04,,1,0.04,0.04,B,50
99493,711,0.05,,1,0.05,0.05,B,50
99493,713,0.09,,1,0.09,0.09,B,50
99494,710,0.78,0.494974746830583,2,0.43,1.13,C,"31,89,"
99494,711,0.725,0.403050865276332,2,0.44,1.01,C,"31,89,"
99494,712,0.03,,1,0.03,0.03,C,89
99494,713,1.515,0.063639610306789,2,1.47,1.56,C,"31,89,"
99494,714,0,,1,0,0,,31
99494,715,0.01645,0.0231223917448,2,0.0001,0.0328,,"31,89"
99494,716,0.036,0.050911688245432,2,0,0.072,,"31,89"
99495,710,9.148,2.32166542234951,25,2.94,16.6,B,"34,36,79,"
99495,711,8.418,1.50420034126664,25,4.95,13.6,B,"34,36,79,"
99495,712,0.917692307692307,0.224025062876554,13,0.21,1.23,B,"36,79,"
99495,713,18.0432,3.46928395397859,25,8.1,26.9,B,"34,36,79,"
99496,710,0,0,15,0,0,A,34
99496,711,0,0,15,0,0,A,34
99496,713,0,0,15,0,0,A,34
99497,710,7.49916666666667,2.76629209768184,12,3.45,11.5,C,92104
99497,711,5.46416666666667,2.31859070963115,12,1.69,9.81,C,92104
99497,712,0.784166666666667,0.456577352469304,12,0.23,1.96,C,92104
99497,713,13.7483333333333,4.85862089174459,12,6.34,22.32,C,92104
99498,710,6.6,6.2803698347351E-16,3,6.6,6.6,B,34
99498,711,3.1,0,3,3.1,3.1,B,34
99498,713,9.7,0,3,9.7,9.7,B,34
99499,710,5.5,0,3,5.5,5.5,B,34
99499,711,1,0,3,1,1,B,34
99499,713,6.5,0,3,6.5,6.5,B,34
99500,710,32.9,0,3,32.9,32.9,B,34
99500,711,39.9,0,3,39.9,39.9,B,34
99500,713,72.8,0,3,72.8,72.8,B,34
99501,710,0,,1,0,0,C,91
99501,711,0,,1,0,0,C,91
99501,712,0,,1,0,0,C,91
99501,713,0,,1,0,0,C,91
99502,710,0,,1,0,0,D,89
99502,711,0,,1,0,0,D,89
99502,712,0,,1,0,0,D,89
99502,713,0,,1,0,0,D,89
99502,715,0.0001,,1,0.0001,0.0001,,89
99502,716,0,,1,0,0,,89
99503,710,5.96,5.17602163828553,2,2.3,9.62,C,"31,89,"
99503,711,4.035,2.18495995386643,2,2.49,5.58,C,"31,89,"
99503,712,0.53,,1,0.53,0.53,C,89
99503,713,10.255,6.97914393031122,2,5.32,15.19,C,"31,89,"
99503,714,0,,1,0,0,,31
99503,715,0.00085,0.001202081528017,2,0,0.0017,,"31,89"
99503,716,0.15265,0.215031172158829,2,0.0006,0.3047,,"31,89"
99504,710,3.5,0.98488578017961,3,2.7,4.6,C,99
99504,711,5.63333333333333,1.45028732785381,3,4.2,7.1,C,99
99504,712,0,0,3,0,0,C,99
99504,713,9.13333333333333,2.41729876790879,3,6.9,11.7,C,99
99505,710,0,,1,0,0,B,51
99505,711,0,,1,0,0,B,51
99505,713,0,,1,0,0,B,51
99506,710,0.6,,1,0.6,0.6,C,91
99506,711,1,,1,1,1,C,91
99506,712,0.1,,1,0.1,0.1,C,91
99506,713,1.7,,1,1.7,1.7,C,91
99507,710,0,,1,0,0,C,91
99507,711,0.1,,1,0.1,0.1,C,91
99507,712,0,,1,0,0,C,91
99507,713,0.1,,1,0.1,0.1,C,91
99508,710,0.226666666666667,0.253245598842968,3,0,0.5,C,"31,91,"
99508,711,0.21,0.200748598998847,3,0,0.4,C,"31,91,"
99508,712,0,0,2,0,0,C,91
99508,713,0.47,0.403360880601974,3,0.1,0.9,C,"31,91,"
99508,714,0,,1,0,0,,31
99508,715,0,,1,0,0,,31
99508,716,0,,1,0,0,,31
99509,710,1.3,,1,1.3,1.3,D,31
99509,711,3.22,,1,3.22,3.22,D,31
99509,713,4.52,,1,4.52,4.52,D,31
99509,714,0.05,,1,0.05,0.05,,31
99509,715,0,,1,0,0,,31
99509,716,0.2425,,1,0.2425,0.2425,,31
99510,710,13.772,12.3949554254947,5,3.36,30.9,B,"22,89,99,"
99510,711,16.594,9.83311649478435,5,6.57,29.8,B,"22,89,99,"
99510,712,2.8,4.11521566871045,5,0,9.4,B,"22,89,99,"
99510,713,33.166,26.163596465318,5,10.23,70.1,B,"22,89,99,"
99510,715,0.0015,,1,0.0015,0.0015,,89
99510,716,0.0005,,1,0.0005,0.0005,,89
99511,710,5.4,0,5,5.4,5.4,C,"64,"
99511,711,10.3,0,5,10.3,10.3,C,"64,"
99511,713,15.7,0,5,15.7,15.7,C,"64,"
99511,714,0,,5,0,0,,64
99512,710,0,,1,0,0,D,89
99512,711,0,,1,0,0,D,89
99512,712,0,,1,0,0,D,89
99512,713,0,,1,0,0,D,89
99512,715,0.0002,,1,0.0002,0.0002,,89
99512,716,0.0001,,1,0.0001,0.0001,,89
99513,710,0,,1,0,0,B,51
99513,711,0,,1,0,0,B,51
99513,713,0,,1,0,0,B,51
99514,710,0,,1,0,0,D,89
99514,711,0,,1,0,0,D,89
99514,712,0,,1,0,0,D,89
99514,713,0,,1,0,0,D,89
99514,715,0,,1,0,0,,89
99514,716,0,,1,0,0,,89
99515,710,0.736666666666667,0.228108161479008,3,0.6,1,C,"31,91,"
99515,711,0.676666666666667,0.240069434400411,3,0.4,0.83,C,"31,91,"
99515,712,0.1,0,2,0.1,0.1,C,91
99515,713,1.48,0.401497197997695,3,1.1,1.9,C,"31,91,"
99515,714,0,,1,0,0,,31
99515,715,0,,1,0,0,,31
99515,716,0.0888,,1,0.0888,0.0888,,31
99516,710,0.16,,1,0.16,0.16,D,31
99516,711,0.14,,1,0.14,0.14,D,31
99516,713,0.3,,1,0.3,0.3,D,31
99516,714,0,,1,0,0,,31
99516,715,0,,1,0,0,,31
99516,716,0.05,,1,0.05,0.05,,31
99517,710,0.285,0.120208152801713,2,0.2,0.37,C,"49,99"
99517,711,0.28,0.254558441227157,2,0.1,0.46,C,"49,99"
99517,712,0,,1,0,0,C,99
99517,713,0.565,0.37476659402887,2,0.3,0.83,C,"49,99"
99518,710,0.09,,1,0.09,0.09,D,89
99518,711,0.21,,1,0.21,0.21,D,89
99518,712,0,,1,0,0,D,89
99518,713,0.3,,1,0.3,0.3,D,89
99518,715,0.0017,,1,0.0017,0.0017,,89
99518,716,0.0006,,1,0.0006,0.0006,,89
99519,710,0,,1,0,0,D,89
99519,711,0,,1,0,0,D,89
99519,712,0,,1,0,0,D,89
99519,713,0,,1,0,0,D,89
99519,715,0.0001,,1,0.0001,0.0001,,89
99519,716,0,,1,0,0,,89
99520,710,26.15,0.639009650422693,4,25.8,27.2,B,42
99520,711,25.15,12.8714801013714,4,18.1,46.3,B,42
99520,712,6.1,,1,6.1,6.1,B,42
99520,713,52.825,16.2947460857787,4,43.9,79.6,B,42
99521,710,0,,1,0,0,D,89
99521,711,0.01,,1,0.01,0.01,D,89
99521,712,0,,1,0,0,D,89
99521,713,0.01,,1,0.01,0.01,D,89
99521,715,0.0003,,1,0.0003,0.0003,,89
99521,716,0,,1,0,0,,89
99522,710,0,,1,0,0,B,49
99522,711,0,,1,0,0,B,49
99522,713,0,,1,0,0,B,49
99523,710,0.3,,1,0.3,0.3,B,49
99523,711,0.23,,1,0.23,0.23,B,49
99523,713,0.52,,1,0.52,0.52,B,49
99524,710,0.11,,1,0.11,0.11,B,49
99524,711,0.22,,1,0.22,0.22,B,49
99524,713,0.34,,1,0.34,0.34,B,49
99526,710,0,,1,0,0,B,51
99526,711,0,,1,0,0,B,51
99526,713,0,,1,0,0,B,51
99527,710,0,,1,0,0,B,51
99527,711,0,,1,0,0,B,51
99527,713,0,,1,0,0,B,51
99528,710,4.9,,1,4.9,4.9,C,91
99528,711,5.9,,1,5.9,5.9,C,91
99528,712,0.7,,1,0.7,0.7,C,91
99528,713,11.5,,1,11.5,11.5,C,91
99529,710,10.2628571428571,2.47894480514165,7,5.36,12.4,B,"22,30,89"
99529,711,10.8285714285714,3.98218131521041,7,5.36,17.05,B,"22,30,89"
99529,712,1.346,0.31747913317256,5,0.73,1.5,C,"22,89"
99529,713,22.0528571428571,6.35562879241219,7,11.15,27.12,B,"22,30,89"
99529,715,0.0009,,1,0.0009,0.0009,,89
99529,716,0.0007,,1,0.0007,0.0007,,89
99531,710,0.0075,0.009574271077563,4,0,0.02,B,49
99531,711,0.01,0.014142135623731,4,0,0.03,B,49
99531,713,0.0175,0.023629078131263,4,0,0.05,B,49
99532,710,0.02,0.028284271247462,2,0,0.04,B,49
99532,711,0.04,0.056568542494924,2,0,0.08,B,49
99532,713,0.055,0.07778174593052,2,0,0.11,B,49
99533,710,0.06,,1,0.06,0.06,D,31
99533,711,0.14,,1,0.14,0.14,D,31
99533,713,0.21,,1,0.21,0.21,D,31
99533,714,0.05,,1,0.05,0.05,,31
99533,715,0.05,,1,0.05,0.05,,31
99533,716,0.05,,1,0.05,0.05,,31
99534,710,4.86666666666667,2.51064400768674,3,2.1,7,B,42
99534,711,9.13333333333333,3.08922859842604,3,5.8,11.9,B,42
99534,712,0.666666666666667,0.702376916856849,3,0,1.4,B,42
99534,713,14.6666666666667,5.46290520998977,3,8.5,18.9,B,42
99535,710,7.8,,1,7.8,7.8,C,22
99535,711,8.8,,1,8.8,8.8,C,22
99535,712,2.1,,1,2.1,2.1,C,22
99535,713,18.7,,1,18.7,18.7,C,22
99536,710,0,,1,0,0,C,99
99536,711,0,,1,0,0,C,99
99536,712,0,,1,0,0,C,99
99536,713,0,,1,0,0,C,99
99538,710,13.3,,1,13.3,13.3,C,91
99538,711,13,,1,13,13,C,91
99538,712,0.6,,1,0.6,0.6,C,91
99538,713,26.9,,1,26.9,26.9,C,91
99539,710,8.1,,1,8.1,8.1,C,91
99539,711,8.4,,1,8.4,8.4,C,91
99539,712,1.2,,1,1.2,1.2,C,91
99539,713,17.7,,1,17.7,17.7,C,91
99540,710,7.28,0,4,7.28,7.28,C,79
99540,711,8.22,0,4,8.22,8.22,C,79
99540,712,1.28,0,4,1.28,1.28,C,79
99540,713,16.79,0,4,16.79,16.79,C,79
99541,710,7.5,0,3,7.5,7.5,B,34
99541,711,5.6,6.2803698347351E-16,3,5.6,5.6,B,34
99541,713,13.1,0,3,13.1,13.1,B,34
99542,710,0,,1,0,0,B,49
99542,711,0,,1,0,0,B,49
99542,713,0,,1,0,0,B,49
99543,710,0.1,0,2,0.1,0.1,C,91
99543,711,0.1,0,2,0.1,0.1,C,91
99543,712,0,0,2,0,0,C,91
99543,713,0.2,0,2,0.2,0.2,C,91
99544,710,0.15,0.070710678118655,2,0.1,0.2,C,91
99544,711,0.25,0.070710678118655,2,0.2,0.3,C,91
99544,712,0,0,2,0,0,C,91
99544,713,0.45,0.070710678118655,2,0.4,0.5,C,91
99545,710,0,,1,0,0,C,91
99545,711,0,,1,0,0,C,91
99545,712,0,,1,0,0,C,91
99545,713,0,,1,0,0,C,91
99546,710,0,,1,0,0,C,91
99546,711,0,,1,0,0,C,91
99546,712,0,,1,0,0,C,91
99546,713,0,,1,0,0,C,91
99547,710,1.4,,1,1.4,1.4,C,91
99547,711,1.1,,1,1.1,1.1,C,91
99547,712,0.2,,1,0.2,0.2,C,91
99547,713,2.7,,1,2.7,2.7,C,91
99548,710,0,,1,0,0,C,91
99548,711,0,,1,0,0,C,91
99548,712,0,,1,0,0,C,91
99548,713,0.1,,1,0.1,0.1,C,91
99549,710,0.04,,1,0.04,0.04,D,31
99549,711,0,,1,0,0,D,31
99549,713,0.04,,1,0.04,0.04,D,31
99549,714,0,,1,0,0,,31
99549,715,0,,1,0,0,,31
99549,716,0,,1,0,0,,31
99550,710,0.61,,1,0.61,0.61,B,49
99550,711,0.58,,1,0.58,0.58,B,49
99550,713,1.19,,1,1.19,1.19,B,49
99551,710,0.01,0,2,0.01,0.01,B,49
99551,711,0.015,0.007071067811865,2,0.01,0.02,B,49
99551,713,0.02,0,2,0.02,0.02,B,49
99553,710,0.016666666666667,0.011547005383793,3,0.01,0.03,B,49
99553,711,0.01,0.01,3,0,0.02,B,49
99553,713,0.026666666666667,0.01527525231652,3,0.01,0.04,B,49
99554,710,0.15,0.070710678118655,2,0.1,0.2,C,91
99554,711,0.2,0.14142135623731,2,0.1,0.3,C,91
99554,712,0,0,2,0,0,C,91
99554,713,0.35,0.212132034355964,2,0.2,0.5,C,91
99555,710,2.6,,1,2.6,2.6,C,91
99555,711,13.1,,1,13.1,13.1,C,91
99555,712,0.2,,1,0.2,0.2,C,91
99555,713,15.9,,1,15.9,15.9,C,91
99556,710,0,,1,0,0,C,91
99556,711,0,,1,0,0,C,91
99556,712,0,,1,0,0,C,91
99556,713,0,,1,0,0,C,91
99557,710,3,,1,3,3,C,91
99557,711,2.7,,1,2.7,2.7,C,91
99557,712,0.3,,1,0.3,0.3,C,91
99557,713,6,,1,6,6,C,91
99559,710,2.8,3.14018491736755E-16,3,2.8,2.8,B,34
99559,711,3.1,0,3,3.1,3.1,B,34
99559,713,5.9,6.2803698347351E-16,3,5.9,5.9,B,34
99559,716,0,,3,0,0,,34
99560,710,27.975,18.1896948847417,8,8.7,64.1,B,22
99560,711,42.9125,25.4408241948701,8,14.2,84.5,B,22
99560,712,10.7625,3.65354524498368,8,4.7,14.9,B,22
99560,713,81.65,46.0395482167234,8,27.6,163.5,B,22
99561,710,0,,1,0,0,B,49
99561,711,0,,1,0,0,B,49
99561,713,0,,1,0,0,B,49
99562,710,0,,1,0,0,B,49
99562,711,0,,1,0,0,B,49
99562,713,0,,1,0,0,B,49
99563,710,1.1,,1,1.1,1.1,C,91
99563,711,1.7,,1,1.7,1.7,C,91
99563,712,0.1,,1,0.1,0.1,C,91
99563,713,2.9,,1,2.9,2.9,C,91
99564,710,7,,1,7,7,C,91
99564,711,6.2,,1,6.2,6.2,C,91
99564,712,0.9,,1,0.9,0.9,C,91
99564,713,14,,1,14,14,C,91
99565,710,11.8,,1,11.8,11.8,C,91
99565,711,13.6,,1,13.6,13.6,C,91
99565,712,1.2,,1,1.2,1.2,C,91
99565,713,26.6,,1,26.6,26.6,C,91
99566,710,0,,1,0,0,B,49
99566,711,0,,1,0,0,B,49
99566,713,0.01,,1,0.01,0.01,B,49
99567,710,0,,1,0,0,B,49
99567,711,0,,1,0,0,B,49
99567,713,0,,1,0,0,B,49
99568,710,40.85,1.42302494707577,6,38.6,43.1,B,34
99568,711,42.45,0.537587202228623,6,41.6,43.3,B,34
99568,713,83.3,0.885437744847145,6,81.9,84.7,B,34
99569,710,0.23,,1,0.23,0.23,D,31
99569,711,0.24,,1,0.24,0.24,D,31
99569,713,0.47,,1,0.47,0.47,D,31
99571,710,11,0,13,11,11,B,46
99571,711,10,0,13,10,10,B,46
99571,713,21,0,13,21,21,B,46
99571,714,833,,9,833,833,,77
99571,715,1322,,9,1322,1322,,77
99572,710,4.83580914059903,1.70740497996455,156,0.5,12.6,B,"3,7,9,11,13,17,22,23,31,34,38,42,45,54,55,61,63,66,74,79,81,89,90,94,97,99"
99572,711,6.06987654320988,2.19259175080581,162,0.4,16.8,B,"3,7,9,11,13,17,22,23,25,31,34,38,42,45,54,55,61,63,66,74,79,81,89,90,94,97,99"
99572,712,0.931047726027397,0.466988321853613,73,0,3.57,B,"3,7,11,22,42,66,74,79,81,89,90,94,99"
99572,713,10.731107114958,3.98521353092251,156,1.1,31.03,B,"3,7,9,11,13,17,22,23,31,34,38,42,45,54,55,61,63,66,74,79,81,89,90,94,97,99"
99573,710,0.75,0,3,0.75,0.75,B,66
99573,711,2.7,3.14018491736755E-16,3,2.7,2.7,B,66
99573,712,0.3,0,3,0.3,0.3,B,66
99573,713,3.75,0,3,3.75,3.75,B,66
99574,710,39.8768421052632,16.9808397332144,57,7.3,112,B,"34,42,73"
99574,711,65.6442105263158,19.3528774453189,57,26.4,175,B,"34,42,73"
99574,712,17.1229411764706,4.10269948434242,51,7.29,42.4,B,"42,73"
99574,713,120.841578947368,34.119496220906,57,50.8,305.8,B,"34,42,73"
99575,710,45.44187,10.5433213253998,44,2.64,69.69,B,"2,44,45,50,64,78,99"
99575,711,39.7759659090909,14.4626377519714,44,9.7,109.8625,B,"2,44,45,50,64,78,99"
99575,712,22.3725,8.19165348969067,32,0,50.58,A,"2,44,99"
99575,713,103.561971627907,18.708823136617,43,45.38,161.22478,A,"2,44,45,50,64,99"
99576,710,61.3266204511279,21.4816942128678,399,9.883,191.43,B,"4,6,8,11,15,18,21,22,24,26,31,32,47,53,57,60,73,74,88,94,95,96,97,98,100"
99576,711,86.3260413533835,20.3023620929423,399,19.79,180.19,B,"4,6,8,11,15,18,21,22,24,26,31,32,47,53,57,60,73,74,88,94,95,96,97,98,100"
99576,712,13.333280839895,8.89232511460223,381,1.16,121.69,B,"4,6,11,15,18,22,26,32,47,53,60,73,74,94,95,96,98,100"
99576,713,159.975769573935,43.5794126271599,399,18.08,388.08,B,"4,6,8,11,15,18,21,22,24,26,31,32,47,53,57,60,73,74,88,94,95,96,97,98,100"
99576,714,0,,3,0,0,B,24
99576,715,0,0,5,0,0,B,"24,97"
99576,716,0,0,5,0,0,B,"24,97"
16144,710,0,,1,,,C,76b
16144,711,0,,1,,,C,76b
16144,712,0,,1,,,C,76b
1124,710,0,,1,,,C,76a
1124,711,0,,1,,,C,76a
1124,712,0,,1,,,C,76a
1125,710,0.02,,1,,,C,76a
1125,711,0.01,,1,,,C,76a
1125,712,0,,1,,,C,76a
1123,712,0,,1,,,C,76a
